sqft,bedrooms,bathrooms,age,lot_size,garage,neighborhood,has_pool,distance_city,condition,price
1660,4,3,89,1.91,2,8,1,28.4,8,649000
4572,2,2,21,0.88,1,9,1,17.5,10,1096000
3892,3,2,72,2.35,1,9,0,35.1,2,991000
1266,5,1,68,0.28,0,6,0,15.6,7,351000
4244,4,2,80,2.41,1,8,1,12.7,10,1124000
3971,3,3,48,0.69,1,2,1,22.5,8,851000
3719,4,3,97,0.12,3,8,1,20.6,5,758000
930,2,4,1,1.14,2,3,1,21.0,7,592000
2485,3,1,52,0.96,2,1,0,31.9,9,567000
1569,4,2,6,1.39,0,7,0,23.7,8,560000
3191,3,3,99,2.01,1,1,0,35.5,5,495000
3233,2,2,76,2.12,3,1,0,25.0,4,750000
1984,6,1,19,1.06,2,1,0,1.4,3,630000
4185,3,4,93,1.13,1,4,1,34.9,6,834000
4917,3,3,29,0.46,2,4,0,33.7,4,963000
3704,6,2,74,0.21,2,10,1,2.4,4,795000
1274,4,3,94,1.64,3,6,0,5.4,7,631000
1882,4,3,66,0.25,0,10,0,22.5,10,513000
3358,5,3,58,1.86,2,3,0,2.2,5,923000
2847,2,3,65,1.39,2,10,0,16.7,1,961000
3547,4,1,2,0.58,3,6,0,39.0,5,746000
1775,4,3,55,1.39,3,7,1,7.3,6,644000
2606,5,1,78,0.54,1,1,0,8.6,1,417000
989,4,1,16,1.15,2,6,0,27.2,3,515000
3534,4,4,51,2.02,2,10,0,2.2,6,1029000
3805,3,2,6,1.21,2,1,0,32.9,7,628000
2699,3,3,4,0.46,3,7,0,8.4,7,700000
2067,4,3,97,1.84,3,10,0,21.5,7,761000
2328,4,4,96,0.55,0,5,0,10.3,9,517000
4002,4,4,53,1.87,1,10,0,26.5,2,705000
4356,3,2,60,1.25,2,4,1,23.7,3,963000
4690,4,2,15,1.19,1,1,0,37.9,7,956000
1446,4,2,100,2.14,0,9,0,18.1,6,430000
3688,5,2,66,1.8,2,7,1,35.1,1,799000
3235,4,2,58,0.18,3,2,0,23.2,10,686000
1400,5,3,46,0.81,1,4,0,36.6,7,439000
3163,5,3,47,2.19,2,4,1,12.0,2,989000
2861,4,4,63,0.14,0,8,1,22.2,4,805000
1041,4,3,49,1.41,1,2,0,15.9,7,433000
2841,5,3,84,1.85,1,5,0,3.1,4,690000
3624,4,2,40,1.59,0,10,0,23.2,6,793000
3412,5,1,71,1.93,3,8,1,31.9,9,1106000
2163,4,2,21,1.84,3,6,0,22.5,5,697000
2278,4,3,53,1.76,2,4,0,11.5,3,533000
3356,3,2,4,2.07,1,5,0,10.9,6,1246000
1575,3,3,16,1.65,2,2,0,9.9,4,545000
4814,6,3,100,1.07,1,5,0,39.2,9,780000
834,4,2,77,1.23,1,3,1,16.3,2,350000
3952,4,2,40,1.82,2,3,1,13.0,10,1101000
2755,5,2,91,2.2,2,7,0,17.0,5,671000
2385,4,2,94,0.75,0,3,1,5.1,9,493000
4743,4,3,80,0.92,1,4,0,8.2,10,940000
3873,4,3,34,2.33,3,7,0,20.6,7,1117000
1821,4,3,39,1.49,2,3,0,32.1,5,588000
4261,2,3,21,0.53,3,10,0,35.1,8,953000
3413,3,3,47,1.69,3,10,0,34.7,2,1057000
4643,3,4,52,2.48,2,2,1,37.8,4,742000
2300,3,2,92,2.08,1,10,0,5.5,6,617000
961,4,3,9,1.89,2,7,1,2.1,7,641000
2781,3,2,17,0.6,1,5,0,4.7,8,706000
1795,2,2,98,2.2,1,1,0,24.2,4,318000
4142,3,2,79,1.36,2,10,0,22.5,9,1159000
4598,2,3,48,2.23,2,8,0,27.0,7,1028000
2075,4,2,70,0.89,1,3,1,15.2,2,526000
1816,5,2,29,0.25,2,7,0,16.0,9,681000
1137,4,4,18,1.24,2,6,0,22.1,7,598000
1678,3,3,54,0.75,1,10,0,3.6,5,601000
1876,2,3,59,1.82,1,6,1,32.1,3,393000
4793,3,3,86,2.4,1,8,0,37.0,9,1156000
1179,4,4,71,1.76,1,4,0,15.8,7,451000
1292,3,3,80,2.23,2,4,1,29.7,3,406000
2862,4,2,20,1.19,2,3,0,22.2,5,652000
4684,3,4,25,1.95,2,1,1,9.8,3,1066000
864,5,3,27,2.12,0,10,1,3.2,3,556000
3368,3,2,38,1.81,1,3,0,10.2,7,747000
2827,3,2,32,1.32,1,1,1,24.4,9,747000
3495,5,2,39,1.6,1,6,1,2.1,5,937000
2295,3,4,82,1.78,1,8,1,33.5,4,562000
1191,2,2,28,0.71,2,3,0,38.8,4,379000
4361,4,4,19,2.04,0,4,1,3.8,3,973000
3078,4,4,19,2.38,2,5,0,10.2,8,1018000
3899,4,3,73,1.22,2,7,0,27.2,10,865000
1000,3,3,11,1.78,2,6,1,32.3,1,508000
3904,3,2,96,1.87,0,2,1,14.2,3,778000
3254,3,1,24,1.69,3,7,0,20.9,2,706000
4445,2,1,24,1.41,3,8,0,35.7,7,1115000
1604,5,3,3,2.22,1,1,1,15.7,6,755000
3531,4,2,3,1.18,2,6,1,3.7,1,989000
3573,3,1,8,0.25,3,9,0,39.8,3,878000
2370,4,2,14,2.13,2,7,0,7.6,4,865000
3490,3,4,25,1.72,1,5,1,2.4,10,1094000
4640,5,2,78,2.14,2,10,0,16.7,7,1118000
1828,2,4,89,0.43,2,10,0,5.3,3,501000
1302,1,2,91,0.17,2,9,0,39.2,4,325000
1670,4,2,70,2.34,3,2,0,15.5,7,491000
1006,4,1,31,0.45,2,7,0,33.1,4,333000
2284,4,2,75,2.04,1,9,1,7.5,9,920000
1663,2,3,98,2.08,2,2,0,6.0,6,381000
3590,3,2,51,1.8,2,10,0,26.1,2,862000
1363,3,3,31,0.42,1,6,0,36.4,1,353000
4991,3,3,8,1.7,1,9,0,5.0,8,1325000
2557,5,3,77,2.23,3,3,0,23.8,3,732000
2478,2,3,12,1.12,2,8,0,3.9,7,642000
4042,3,2,55,1.09,1,5,1,32.6,4,914000
1859,4,3,43,1.16,1,7,1,36.4,3,477000
2522,3,4,96,0.3,2,3,0,25.3,9,534000
4114,4,4,95,2.24,2,8,0,27.7,6,1323000
3957,5,4,82,2.19,1,2,0,2.7,6,897000
3425,2,2,29,2.49,2,8,0,3.4,6,1054000
3529,5,3,15,1.5,0,2,0,7.6,3,829000
2397,4,3,11,1.9,1,7,1,11.3,6,793000
3860,3,1,73,0.59,2,2,0,30.5,4,609000
3493,3,3,65,1.7,0,7,1,17.7,2,974000
4427,3,3,17,1.66,3,1,0,3.6,3,1238000
2163,4,2,12,2.26,1,6,1,34.2,4,686000
2781,4,1,92,2.09,2,10,0,39.8,1,771000
2463,5,3,23,2.35,1,7,0,18.5,7,892000
2329,6,1,11,2.19,1,4,0,20.7,5,653000
2838,4,1,59,2.18,2,1,1,3.6,9,732000
4102,4,2,59,0.25,2,6,0,15.6,6,825000
3037,3,1,92,2.13,2,4,1,15.2,8,935000
2106,4,4,85,1.56,2,3,0,38.6,9,615000
4829,1,2,99,1.01,2,4,0,26.6,6,852000
3475,4,3,0,0.24,2,6,0,31.4,7,812000
2082,3,4,42,1.73,2,5,1,5.6,6,770000
1509,1,2,54,0.89,2,2,0,17.0,6,316000
4548,2,2,39,1.22,2,2,1,8.1,2,810000
1463,3,3,63,1.74,3,3,0,34.5,5,435000
2798,4,2,33,2.29,1,6,0,6.5,6,732000
4245,3,2,33,2.08,2,1,0,17.8,10,890000
4543,4,3,47,1.18,0,7,0,2.6,5,1103000
2295,3,3,32,1.03,1,8,0,25.6,4,847000
4104,4,3,67,0.68,2,7,0,19.5,6,1015000
4563,3,4,29,0.99,3,3,0,20.2,6,977000
2653,2,3,83,0.37,2,6,1,4.5,8,812000
2091,4,3,89,2.43,2,4,0,20.8,8,596000
4381,3,4,78,1.48,0,5,0,22.8,10,658000
4257,1,1,70,0.41,2,3,1,38.5,1,842000
2436,3,2,70,0.95,3,5,0,1.8,2,506000
4496,2,3,28,1.41,1,6,0,36.9,1,914000
3799,4,3,22,1.38,0,8,0,19.4,10,853000
3952,3,2,33,0.19,2,6,0,8.8,7,751000
1498,4,2,83,2.38,2,9,0,26.8,8,539000
2960,5,2,14,0.76,2,10,0,20.9,3,526000
4897,3,3,96,0.14,2,10,0,9.5,3,906000
1654,6,3,52,0.28,2,10,0,25.3,7,689000
4274,4,4,16,1.49,1,10,0,19.2,8,1180000
2507,4,3,63,0.43,2,4,0,27.7,6,431000
3577,4,3,83,0.2,1,2,0,27.7,8,776000
2533,4,2,60,1.01,1,9,0,19.2,2,891000
4310,4,2,56,1.59,2,3,0,15.9,7,1144000
1002,3,2,76,0.37,3,7,1,3.0,5,443000
4055,2,3,87,0.85,2,4,1,20.0,6,751000
1566,1,1,36,1.1,2,1,1,10.1,7,397000
3127,3,3,6,0.48,1,8,0,2.6,9,1145000
3731,3,3,7,1.31,1,4,0,13.6,7,822000
997,3,2,86,0.3,1,6,0,4.0,1,278000
2730,2,4,77,0.21,3,7,0,23.4,5,764000
4382,4,3,67,1.35,3,8,0,20.4,4,1172000
1408,5,2,20,0.69,3,10,0,31.8,8,754000
4072,5,2,60,0.33,0,2,1,11.1,7,693000
1947,3,3,73,1.12,2,9,1,15.2,4,699000
4197,4,2,85,2.3,2,10,0,27.7,3,1153000
3311,5,1,93,1.84,2,3,0,39.7,6,648000
2594,3,3,93,2.06,2,1,0,36.2,8,568000
1459,3,4,79,2.19,2,2,0,21.1,3,432000
3611,5,2,74,2.43,1,8,0,27.3,5,815000
2169,4,4,85,1.93,1,10,0,21.5,10,777000
2786,3,3,28,1.56,1,6,0,17.7,1,790000
946,2,1,24,0.98,0,1,0,24.3,10,367000
4019,2,3,57,0.54,1,9,0,15.8,10,939000
3711,5,2,13,1.75,0,7,0,11.6,8,961000
2534,4,2,77,2.49,1,10,1,28.4,7,709000
2643,3,3,65,1.22,2,3,1,34.9,8,805000
1288,2,3,53,1.84,3,7,0,11.9,2,486000
3776,4,2,76,1.29,3,6,0,28.4,7,837000
2759,4,4,66,1.14,1,3,0,17.6,4,636000
3185,3,3,29,1.08,1,8,1,12.4,2,868000
3719,5,4,17,1.31,1,1,0,25.0,9,668000
2602,2,2,53,0.98,3,5,0,37.6,5,660000
4861,3,4,99,1.9,2,8,0,14.4,7,1135000
4169,4,2,20,2.2,1,3,0,30.5,4,896000
1062,3,1,52,2.22,3,10,0,12.9,10,645000
1423,5,3,82,0.65,1,6,0,32.3,4,412000
1816,4,3,15,2.25,3,10,0,30.5,3,574000
4443,4,3,27,0.92,1,2,1,30.7,1,1021000
2849,2,2,3,0.84,1,9,0,39.9,2,558000
4523,2,1,54,1.84,2,2,0,6.1,9,800000
3908,3,3,14,0.83,3,5,1,15.9,1,1107000
4890,4,2,63,0.23,3,3,0,25.4,5,741000
2856,4,3,64,1.0,2,10,0,23.8,2,737000
3970,5,2,15,1.83,1,9,0,31.3,4,1241000
2482,4,4,19,0.88,2,9,1,2.4,7,905000
3055,5,3,63,1.61,3,7,0,28.3,5,639000
1954,4,3,32,1.68,2,10,0,29.6,1,741000
3991,3,4,80,1.86,2,5,0,2.9,3,943000
2496,3,3,68,2.25,2,9,1,21.8,10,836000
4791,4,1,68,1.14,2,7,0,10.2,9,722000
2448,2,1,57,0.5,2,2,0,32.2,1,517000
2245,2,3,38,0.87,2,10,0,2.5,10,1001000
4999,4,2,76,1.14,3,1,0,6.3,4,939000
4723,5,3,35,1.81,2,10,0,4.6,5,1068000
1053,2,2,93,0.13,2,10,1,3.1,10,568000
3983,4,2,67,0.86,1,4,0,24.2,3,821000
3357,5,2,86,1.97,1,10,0,34.8,3,858000
898,3,4,20,1.71,3,8,0,20.7,1,535000
3000,2,3,62,1.86,1,6,0,8.8,6,801000
3761,2,4,84,2.05,3,2,0,14.1,4,875000
4577,4,4,5,1.98,2,5,0,14.7,8,1563000
3669,4,2,23,1.74,2,9,0,18.3,6,1036000
4034,5,2,52,1.16,3,6,0,17.1,3,942000
4591,4,3,94,2.46,2,6,0,27.0,7,755000
1756,2,4,82,1.47,3,7,0,13.9,3,441000
4867,2,2,75,0.59,1,5,1,26.7,9,975000
960,4,4,77,0.8,2,3,0,22.1,8,384000
2100,2,1,49,1.76,2,3,0,2.4,3,454000
4787,3,2,11,2.32,1,5,0,36.8,2,832000
2327,3,3,55,0.53,2,4,1,7.5,3,679000
2018,1,2,14,0.3,2,5,0,18.3,4,501000
3904,3,1,82,2.22,3,9,1,37.9,3,790000
3535,3,2,91,2.3,1,5,0,10.3,9,667000
1754,3,1,39,0.76,2,4,0,1.4,10,500000
4246,2,3,40,1.01,1,4,0,19.9,2,786000
1845,4,4,68,1.68,2,1,1,9.3,8,585000
2493,5,4,68,0.89,2,10,0,23.5,7,804000
4236,3,3,5,2.21,2,4,0,32.8,1,865000
1362,4,2,86,0.36,2,4,0,20.7,6,282000
3285,3,2,66,0.19,1,9,1,26.0,6,655000
4154,4,1,100,0.6,1,4,0,26.8,9,704000
1025,5,2,32,0.79,0,7,0,32.9,10,541000
1759,4,2,42,0.37,2,1,1,27.7,8,489000
3867,5,3,20,0.26,3,7,0,39.1,7,1010000
1615,2,4,83,1.91,0,2,1,18.5,7,542000
3920,2,2,64,0.49,0,8,0,2.5,5,811000
816,5,3,16,2.29,2,1,1,16.1,2,449000
2043,3,1,92,0.98,2,10,1,33.7,10,639000
3005,3,3,7,1.71,1,3,1,5.8,5,818000
3324,4,3,63,0.64,1,8,0,29.6,1,615000
1869,5,2,89,0.68,1,10,1,21.7,10,703000
4244,5,2,27,1.48,1,8,0,36.1,6,993000
3365,3,4,97,1.45,1,5,0,29.4,2,582000
1860,5,3,89,1.94,1,5,0,26.6,1,458000
3127,1,4,12,1.92,2,8,0,35.5,1,579000
4220,1,3,100,1.71,2,10,1,36.4,1,683000
1101,4,4,12,1.18,0,5,0,15.7,4,545000
1406,2,2,37,2.24,2,9,1,37.1,5,569000
3970,3,1,24,1.59,2,1,0,2.7,5,1004000
1499,4,2,61,2.48,3,5,1,30.6,1,526000
1939,3,1,22,2.07,1,3,1,13.8,6,612000
990,2,2,85,0.21,2,3,1,19.8,3,287000
3100,3,3,20,0.87,2,2,0,33.5,4,576000
1780,3,3,53,1.47,1,3,0,25.7,5,499000
3775,3,2,62,1.83,3,7,0,18.6,4,792000
1984,4,4,29,1.42,2,8,0,7.0,4,757000
4127,4,1,74,1.99,2,8,0,37.6,10,816000
4194,3,2,67,0.78,1,8,0,13.6,1,950000
927,5,3,96,0.54,1,1,0,4.5,2,269000
2865,2,3,75,0.23,2,7,0,22.8,2,744000
2616,3,2,72,1.48,1,2,0,16.5,2,572000
1369,5,1,31,1.75,2,10,0,23.8,10,653000
2695,3,3,74,0.88,1,4,0,9.7,1,702000
3533,6,1,100,1.57,2,5,0,15.5,10,852000
4663,3,1,23,0.23,2,1,1,38.9,8,587000
4814,4,3,6,0.34,0,4,0,37.5,1,825000
3701,3,2,71,1.78,2,4,0,34.6,8,761000
2486,3,2,96,0.98,2,9,0,31.3,1,683000
3809,3,2,88,1.71,1,9,1,6.7,10,895000
954,4,4,0,2.1,0,10,0,18.9,3,527000
3337,4,4,2,2.15,1,1,0,29.3,9,574000
2209,5,2,27,0.51,1,8,0,10.8,8,853000
4857,3,2,42,1.27,3,4,0,1.8,2,1228000
1584,2,2,96,1.86,2,4,0,17.0,4,336000
3975,3,2,45,1.96,0,5,1,17.3,8,715000
3606,4,2,0,1.98,1,2,0,3.1,9,1039000
1337,5,3,37,0.65,0,1,0,13.2,7,493000
2641,3,2,90,0.56,2,5,0,36.7,1,445000
3255,4,2,34,1.52,1,7,0,10.4,8,827000
1324,3,2,73,1.88,2,10,1,23.0,1,579000
3750,4,2,75,0.87,1,9,1,19.8,9,780000
4931,5,2,73,0.35,3,2,1,34.6,8,839000
4915,3,2,53,1.82,1,8,0,26.3,4,968000
3168,3,3,97,0.82,2,7,0,6.8,10,668000
4647,6,3,23,0.5,2,2,1,6.1,4,1488000
3501,5,2,27,0.45,2,5,0,22.5,4,959000
1771,4,3,21,0.86,2,7,0,2.3,6,645000
1966,4,2,15,1.52,2,3,0,16.0,2,577000
3574,3,1,12,0.96,2,2,0,16.3,4,577000
2782,4,3,99,0.15,2,6,0,8.3,4,675000
1653,5,2,99,0.33,3,10,0,12.4,8,672000
4946,4,3,61,0.8,2,6,0,13.5,2,907000
4536,3,3,42,1.68,3,4,1,1.0,8,1022000
4569,3,4,86,0.34,1,1,1,32.3,10,744000
1374,3,4,77,1.45,2,5,0,38.3,2,486000
4061,2,1,31,0.39,3,1,1,11.9,9,1051000
1948,2,4,66,0.61,1,8,0,4.9,9,674000
2515,3,3,90,0.51,3,2,1,38.2,6,562000
4654,2,3,82,0.26,0,9,0,29.8,10,767000
3291,2,1,85,1.71,3,9,0,35.7,5,670000
3460,4,4,56,1.21,2,3,0,14.8,7,776000
3924,2,1,64,2.09,0,6,0,19.6,8,734000
3851,2,3,68,0.34,3,9,0,37.2,8,961000
804,3,1,48,0.45,1,7,1,18.7,3,283000
1676,3,3,32,0.84,0,4,0,27.0,3,355000
1791,4,2,18,1.94,1,3,0,28.3,5,478000
4942,2,2,35,0.83,2,2,0,33.6,5,693000
1435,4,1,69,1.08,3,10,0,39.0,2,565000
2493,5,2,14,0.82,1,10,0,13.7,5,925000
2482,4,1,99,0.29,2,1,0,10.3,1,315000
919,4,2,96,2.35,1,10,0,3.6,7,524000
1630,5,3,23,1.42,2,1,0,34.3,7,478000
4475,4,3,26,1.99,1,4,0,12.1,1,951000
2169,1,3,48,1.68,1,4,0,2.5,3,604000
1540,3,1,74,1.33,1,9,0,34.7,8,339000
916,5,2,22,0.32,2,10,1,20.6,9,717000
3638,3,2,32,1.64,3,1,0,33.6,3,798000
1950,1,4,40,0.47,2,4,1,22.4,6,671000
2731,4,4,55,1.09,0,3,1,12.9,6,494000
1812,5,2,28,1.61,2,9,0,5.6,6,718000
2464,2,1,30,1.98,2,5,0,17.8,5,701000
1881,4,4,64,1.74,1,9,0,1.5,6,735000
1312,2,4,97,1.71,0,10,0,24.3,6,535000
3649,4,4,17,0.46,1,6,1,17.4,10,1043000
1359,3,3,81,0.93,2,9,1,6.1,6,413000
4472,3,2,5,0.2,2,1,1,21.4,8,1116000
4143,5,2,51,1.83,2,4,0,32.1,6,826000
4870,3,2,39,2.39,1,4,0,39.0,3,964000
2270,4,2,64,0.73,1,10,1,21.3,7,874000
1380,3,2,41,0.31,3,10,0,5.6,6,613000
3094,3,2,93,1.24,1,6,0,32.5,9,632000
3947,4,2,67,2.16,3,10,1,28.0,4,830000
2479,2,2,31,1.42,2,1,1,38.2,1,425000
4306,3,2,9,0.21,1,10,0,21.6,6,831000
3544,3,1,68,2.44,2,5,0,14.6,9,824000
4156,4,2,8,2.09,3,3,0,38.5,8,1278000
4845,5,3,68,0.42,2,1,0,21.8,2,829000
2043,6,3,60,2.31,3,6,0,1.1,3,705000
3918,3,2,10,1.18,1,3,0,19.2,8,960000
2941,3,2,98,0.99,2,4,0,0.6,9,606000
3859,3,1,90,1.21,3,9,0,29.6,8,1050000
3759,5,3,67,2.1,3,2,0,22.9,10,816000
3065,3,2,73,1.68,2,1,0,4.8,1,718000
3279,6,2,96,0.24,2,10,0,32.6,3,817000
2435,3,4,7,2.4,0,6,1,21.7,8,809000
2557,6,2,48,0.45,1,1,0,5.0,1,500000
2870,5,1,23,1.89,1,1,0,6.8,7,798000
3649,5,2,32,1.63,0,7,0,33.0,4,813000
4051,3,2,18,0.55,1,2,0,14.5,7,774000
4530,1,2,1,0.51,1,4,0,32.9,4,1087000
3289,3,4,54,2.19,3,4,0,3.2,8,602000
2431,3,2,10,1.11,2,2,0,10.1,6,795000
3616,1,3,98,1.67,2,6,0,30.7,10,1016000
1815,4,2,16,1.31,3,10,1,25.8,10,694000
2148,3,2,41,1.85,1,2,1,12.6,8,551000
3887,4,2,60,1.25,2,8,0,37.5,1,687000
3639,4,2,2,0.79,2,4,1,8.8,9,1084000
1135,2,2,85,0.97,0,1,0,34.1,9,211000
1695,6,2,34,2.16,2,7,0,28.0,6,630000
4346,2,4,84,1.22,0,6,0,5.3,9,1010000
1651,3,2,88,0.61,1,6,0,22.4,6,326000
2487,3,1,65,2.34,1,3,0,37.2,6,409000
2731,5,1,0,2.01,3,10,0,24.9,4,924000
4546,2,1,6,0.23,2,7,1,21.4,3,939000
3227,3,2,19,2.5,2,6,0,15.0,3,711000
2368,4,2,42,1.77,2,10,1,31.7,2,742000
4800,3,1,5,0.48,1,10,1,36.6,4,1054000
3538,4,2,54,0.67,2,9,0,30.3,9,759000
4298,5,3,99,1.76,2,3,0,29.1,7,876000
4713,6,1,20,1.97,1,3,0,8.1,3,846000
1866,1,2,50,0.67,2,4,0,33.4,8,524000
3244,3,3,45,0.72,1,3,0,2.1,9,744000
4907,3,4,34,0.84,1,4,0,30.4,1,1199000
4173,3,3,99,1.54,3,6,0,8.8,1,697000
4769,3,2,7,0.51,2,1,0,19.7,9,889000
3346,3,3,67,0.35,2,2,0,28.0,9,788000
1553,6,3,15,1.73,2,10,0,30.5,7,608000
2882,5,2,66,1.97,1,6,1,35.6,3,705000
3574,1,4,70,1.3,2,6,0,11.7,4,564000
3696,3,2,63,0.97,2,1,0,9.4,7,626000
4985,3,4,1,1.14,2,6,1,39.9,9,1011000
1575,3,3,0,1.03,3,9,0,8.7,8,721000
2425,4,3,57,2.4,3,8,0,26.8,8,898000
3869,4,3,0,1.94,2,10,0,38.1,1,952000
1217,5,2,6,0.6,3,5,1,35.9,6,533000
914,4,2,87,1.02,2,4,0,18.0,6,300000
1416,4,4,68,1.41,2,6,0,25.7,5,424000
4774,4,3,84,1.57,0,5,1,21.4,1,1054000
4067,3,4,91,1.22,2,6,0,14.2,3,879000
1625,4,4,17,2.04,3,10,0,6.2,4,735000
2316,3,4,87,1.94,2,3,1,32.2,10,789000
3946,2,3,31,1.31,2,7,0,4.1,7,570000
1212,3,2,44,2.15,1,8,0,24.6,5,578000
1528,3,2,32,1.9,1,5,1,24.0,2,390000
4148,5,3,73,1.97,1,5,0,13.7,3,902000
3608,3,2,72,2.4,1,4,0,5.8,1,851000
1475,3,2,48,0.74,2,10,0,32.1,6,404000
4265,3,2,32,0.74,1,5,1,18.7,8,1134000
3304,4,4,96,2.23,2,10,0,29.1,4,823000
3767,2,4,70,1.95,2,8,0,1.2,2,797000
3586,6,3,67,2.32,1,5,1,3.4,4,935000
1922,5,2,27,0.25,0,9,0,7.4,10,739000
4879,4,3,86,1.61,3,1,0,5.0,4,1283000
2371,4,3,52,0.45,0,7,0,8.1,5,617000
2943,1,2,95,1.31,0,5,0,27.6,3,584000
2487,3,2,43,0.47,3,4,0,2.4,9,710000
4932,4,2,79,0.41,3,3,0,2.0,7,1037000
4651,2,3,54,0.13,2,10,0,1.8,9,1055000
4240,3,3,9,1.61,0,7,0,28.1,7,868000
4566,4,2,13,0.96,1,2,1,21.7,10,1064000
3126,3,4,35,0.35,3,5,0,15.1,4,669000
3714,5,1,33,0.87,3,2,1,27.2,5,580000
4752,2,2,87,0.51,2,7,1,22.4,7,988000
1395,4,2,17,2.36,1,6,0,0.8,6,533000
1528,4,1,15,0.87,0,10,0,33.6,9,560000
2165,4,2,36,0.9,0,7,0,14.3,3,442000
1498,3,2,40,2.12,2,9,1,16.3,8,778000
1195,4,2,24,1.65,0,2,1,31.4,10,274000
4971,5,2,7,1.8,3,9,0,7.9,4,1312000
3302,3,3,87,1.63,1,7,1,0.9,9,930000
2619,3,2,83,2.37,2,2,0,36.4,1,517000
1517,4,1,93,0.6,1,10,1,20.5,5,589000
3582,4,3,83,2.47,2,2,0,14.3,4,624000
4377,3,1,17,2.09,0,4,1,32.9,5,1182000
943,5,3,67,1.51,2,2,0,1.5,6,362000
3940,3,4,47,1.69,2,1,0,8.5,1,889000
3738,3,2,99,1.66,0,6,1,6.6,8,1049000
4436,4,4,69,0.24,3,10,0,29.6,3,973000
4022,4,3,66,0.62,2,5,0,12.8,7,791000
1967,5,4,17,2.41,3,3,0,31.0,7,772000
3416,6,3,17,1.38,3,1,1,2.1,9,867000
1862,3,2,55,1.01,3,9,0,24.5,7,555000
2956,2,4,22,1.93,0,8,1,13.1,8,974000
3782,1,2,34,1.36,1,6,0,7.9,4,925000
4094,4,2,5,0.13,3,6,0,32.8,10,985000
1956,5,2,25,1.87,2,4,0,16.8,4,619000
1532,3,2,84,1.86,1,2,1,23.1,10,465000
1753,2,2,60,0.5,2,4,0,1.8,8,500000
3339,2,3,87,2.4,1,2,0,31.8,4,598000
4124,5,4,14,0.64,2,7,0,11.8,4,819000
4101,3,1,90,1.2,3,9,0,27.9,10,828000
2342,3,4,31,0.38,2,2,1,30.5,3,589000
1991,4,4,11,1.55,1,9,0,5.1,3,979000
3793,5,1,4,1.0,2,9,1,12.2,4,848000
3481,4,2,63,0.95,2,8,0,29.1,2,720000
2017,4,3,70,2.08,2,1,0,9.7,3,411000
2340,2,3,85,0.12,1,5,0,34.0,2,306000
4036,4,3,26,2.02,2,10,1,12.8,6,1354000
3186,4,3,78,1.47,2,4,0,16.4,3,758000
4519,6,2,44,2.47,2,7,0,4.4,2,1284000
2188,3,1,34,1.51,3,8,1,6.3,9,567000
2656,1,3,25,0.23,2,10,0,11.4,8,876000
2165,2,1,22,0.22,1,8,1,2.4,5,883000
1299,3,3,12,2.22,2,2,1,8.1,9,689000
2480,5,3,89,2.12,2,3,0,16.7,5,666000
1310,1,3,2,0.93,1,10,0,15.5,5,522000
2124,3,4,28,1.58,2,10,0,8.3,4,941000
1955,3,2,65,1.28,1,7,0,3.7,3,503000
2627,2,3,63,2.42,1,4,0,13.1,10,743000
3941,3,3,27,2.38,3,6,1,29.9,9,880000
4286,3,4,86,2.46,3,8,0,20.6,4,982000
2610,3,3,35,2.18,2,8,0,37.9,7,875000
3723,4,2,5,2.28,2,7,0,6.0,5,1133000
3014,4,4,10,0.62,3,2,0,8.7,7,815000
4986,2,3,37,2.09,3,2,1,11.6,8,1464000
1513,6,1,33,1.8,2,3,0,1.0,8,561000
4402,4,3,80,2.41,2,4,0,37.8,10,1098000
4934,4,4,66,1.47,2,1,0,18.1,6,887000
4322,2,3,45,0.3,0,5,0,19.5,5,684000
2043,1,2,97,1.53,2,7,0,6.7,2,493000
4509,1,3,85,1.75,2,10,1,35.0,8,768000
1881,2,3,28,0.63,3,5,0,27.9,5,596000
1255,3,2,59,1.05,3,7,0,17.5,8,535000
1694,5,2,53,1.54,0,5,0,35.2,6,519000
2184,3,2,92,1.0,2,10,1,36.3,8,651000
2758,3,3,68,1.0,1,8,0,2.5,1,656000
3872,4,3,73,0.42,1,7,0,5.2,9,909000
2796,2,2,73,2.36,3,1,0,1.6,9,798000
1304,4,2,8,1.9,2,1,0,23.5,3,512000
2014,4,1,84,0.1,2,5,0,9.1,5,585000
2331,4,3,76,1.94,0,2,1,33.9,7,361000
4240,6,1,9,1.88,2,9,0,18.9,8,1289000
1623,3,1,74,0.12,2,2,0,33.6,7,380000
1728,4,1,67,0.99,1,9,0,22.4,3,665000
933,5,3,57,1.56,1,10,1,31.9,7,514000
2905,4,2,94,1.19,0,2,0,15.2,1,477000
4427,3,2,51,1.97,2,4,0,37.8,5,921000
2652,5,4,33,1.12,3,3,0,26.9,9,483000
4975,2,2,34,0.47,3,6,1,24.0,2,611000
3733,5,2,32,2.44,3,4,0,14.4,3,949000
4084,2,4,71,0.68,3,9,0,37.5,9,790000
3611,4,2,31,1.82,3,9,0,13.8,3,765000
2050,5,3,54,0.44,2,10,0,33.5,8,744000
4312,3,1,96,0.89,2,9,1,16.5,6,717000
2056,3,3,7,1.16,2,3,1,30.8,7,714000
4176,3,2,45,0.56,3,3,0,36.5,5,716000
4286,6,3,13,1.18,1,4,0,18.9,10,886000
4384,5,2,97,0.48,0,9,0,21.3,7,947000
2196,4,2,7,1.44,3,6,0,13.5,10,635000
4437,4,3,70,1.69,0,9,1,2.7,10,1381000
4130,5,4,76,0.25,3,8,0,26.3,3,916000
3503,3,1,53,2.19,2,7,0,5.2,5,854000
1270,3,3,20,0.54,1,5,0,14.5,6,534000
2153,4,2,95,0.64,2,9,1,14.3,9,790000
3583,3,3,74,1.69,3,4,1,6.5,4,787000
3631,2,2,13,1.23,1,4,0,26.8,8,898000
1157,2,3,74,1.3,2,8,0,7.4,8,575000
3819,2,2,1,0.41,3,4,1,31.2,10,1142000
1467,5,2,97,2.03,1,7,0,10.3,6,469000
1945,3,1,60,1.58,0,4,0,11.8,8,557000
4985,4,1,16,0.42,1,1,1,14.1,5,1056000
4519,3,4,77,1.0,1,10,0,6.5,1,1053000
3545,3,4,88,2.04,0,9,0,17.7,4,548000
1339,3,3,47,1.46,2,4,1,3.7,6,656000
3579,4,2,90,0.36,1,3,0,17.4,9,812000
4936,4,2,7,0.99,3,3,0,13.9,4,1161000
4575,5,3,55,0.68,1,9,0,13.9,6,951000
3308,4,4,16,1.34,2,8,1,26.6,10,1246000
3579,4,2,68,2.12,2,10,0,30.9,5,879000
1724,4,3,11,1.15,3,7,1,14.6,9,818000
3756,5,4,37,1.14,2,7,0,10.8,10,841000
2381,4,4,17,2.27,1,4,0,20.0,6,681000
4124,1,2,25,1.48,3,3,0,31.6,3,841000
1055,4,1,94,1.46,1,4,1,26.0,2,264000
2638,4,2,36,0.73,0,6,0,2.0,3,594000
2744,4,2,69,1.56,2,4,1,19.5,6,752000
809,3,2,40,1.48,2,4,0,39.6,10,453000
3671,5,2,78,1.05,0,2,1,14.4,8,595000
1597,6,3,41,2.48,2,7,0,17.9,8,923000
1815,3,2,89,2.22,2,6,0,11.9,5,467000
2624,5,2,75,1.9,3,2,0,20.2,1,496000
3936,2,3,40,1.39,1,5,0,6.9,1,1025000
2993,2,3,46,1.21,1,6,0,10.3,7,828000
1023,2,3,13,0.54,2,5,0,28.6,2,462000
4958,2,2,0,0.83,1,4,0,6.0,4,892000
4725,5,3,16,1.96,2,9,0,37.1,10,1265000
4800,2,3,96,1.19,2,3,0,12.7,5,1226000
2433,3,1,54,2.22,2,2,0,23.2,8,514000
2952,2,3,92,0.45,3,9,1,13.2,10,918000
1310,3,2,52,1.32,3,8,0,19.4,9,512000
1184,2,2,30,1.65,2,9,1,36.2,1,430000
1204,4,2,61,1.34,3,10,0,3.2,9,614000
2800,2,2,7,2.23,1,3,0,34.3,5,660000
3556,5,2,29,2.47,2,1,0,22.5,4,774000
2468,5,3,76,0.38,2,1,0,26.8,10,563000
2260,1,1,79,0.41,3,3,0,2.7,5,662000
4436,5,4,65,0.41,2,4,0,30.6,9,1186000
3524,1,3,44,1.73,2,2,0,5.5,8,819000
4978,3,2,17,0.99,3,8,0,38.6,10,1160000
2848,1,1,98,1.86,2,3,1,32.1,5,678000
4946,3,3,44,1.07,2,4,0,20.0,10,1169000
1516,4,3,18,1.61,0,6,0,37.0,5,535000
2623,4,1,76,1.95,1,10,0,7.2,1,921000
2881,3,2,67,1.42,3,6,1,39.7,9,657000
4219,4,3,82,1.39,2,2,0,28.8,3,782000
2374,2,1,49,0.31,2,6,0,4.4,1,552000
1049,4,4,24,1.09,1,4,0,21.7,5,488000
1473,3,3,37,1.41,0,5,0,28.6,10,425000
2965,2,2,94,1.21,1,7,1,24.7,3,691000
1570,2,2,35,2.26,2,7,0,17.2,6,562000
4762,2,1,67,2.28,1,6,1,10.3,7,1175000
2784,4,3,55,2.07,1,10,1,9.9,4,812000
1877,5,1,38,1.0,2,6,0,37.1,4,489000
1035,2,2,62,1.82,2,6,0,9.8,2,449000
1188,4,3,6,1.05,1,4,1,38.5,2,466000
3837,4,2,57,0.66,2,3,0,8.8,7,790000
2648,5,2,79,0.92,3,1,1,15.7,5,607000
3614,3,3,58,0.27,2,3,1,1.0,5,757000
4174,3,2,47,0.9,3,3,1,36.2,2,1100000
4078,5,4,4,1.21,3,9,1,4.6,7,1302000
2052,4,3,86,2.39,0,3,1,14.6,2,570000
4781,3,2,35,0.85,0,8,0,33.8,5,1043000
2922,2,2,95,2.27,2,8,0,31.8,5,709000
2950,3,2,87,0.65,2,3,0,33.7,3,505000
2129,4,3,24,0.56,2,10,1,36.6,2,634000
2158,4,2,44,1.35,1,10,1,36.5,3,628000
3282,2,4,91,1.71,2,6,0,30.9,5,797000
2817,4,3,18,0.21,0,8,0,23.5,6,697000
2131,4,2,6,0.63,3,8,0,22.7,4,847000
2158,4,3,57,1.19,1,10,1,1.0,7,974000
3977,4,2,80,0.89,3,10,0,29.0,2,659000
2928,5,3,65,1.81,1,9,0,9.5,6,1026000
2980,3,3,79,1.33,1,9,1,33.2,9,660000
937,5,1,38,0.48,1,8,0,22.4,10,464000
4272,2,2,17,2.25,3,7,1,39.5,5,1052000
3632,2,4,0,0.8,0,10,1,8.8,4,681000
4379,3,3,62,1.85,2,3,1,29.1,9,858000
3831,2,4,2,1.97,3,7,0,22.1,6,1048000
4964,3,1,20,2.41,2,4,0,37.3,4,815000
3393,2,2,29,1.3,1,2,1,11.0,1,581000
4618,5,2,10,1.58,3,8,0,2.8,9,1546000
4938,2,3,21,0.9,3,2,0,22.0,10,1068000
4623,4,2,56,1.73,2,1,1,21.1,3,1047000
4842,1,2,88,1.21,2,5,0,12.8,6,1186000
2706,5,3,2,1.15,3,10,0,39.5,1,929000
1560,4,2,29,2.15,3,9,0,3.3,6,660000
4245,1,2,87,0.22,2,5,1,23.0,3,721000
1699,4,2,44,2.22,3,2,1,10.8,3,615000
3747,4,3,35,2.14,1,10,0,0.6,7,1146000
2519,4,2,86,1.32,1,4,0,39.5,9,577000
1080,4,2,71,1.28,1,8,0,19.5,6,502000
4066,4,2,63,0.97,1,7,0,34.4,1,787000
2687,4,3,53,2.49,2,5,0,33.7,9,742000
4066,3,3,67,0.37,2,4,0,32.6,5,740000
1466,1,2,49,1.52,1,5,0,18.6,2,352000
4988,5,2,30,1.74,2,7,0,35.9,3,926000
1471,3,4,28,2.34,1,5,1,15.0,5,575000
2769,3,4,58,1.97,3,8,0,16.6,2,871000
4956,1,3,35,1.65,3,7,1,10.6,3,1135000
3922,3,4,76,0.38,1,7,1,18.2,8,852000
4700,6,3,72,1.0,3,9,0,39.5,6,1022000
1323,3,3,84,0.43,1,8,0,23.1,2,291000
3193,3,2,66,2.21,2,8,1,33.3,2,722000
3917,4,2,88,1.9,3,6,1,10.9,1,987000
3393,5,1,88,1.92,1,7,0,38.3,7,610000
2768,3,3,75,1.67,2,8,0,1.0,6,594000
2553,3,4,92,1.32,1,5,0,37.2,6,465000
3096,5,3,10,0.46,1,10,0,36.0,5,788000
3061,4,2,10,0.89,2,2,0,3.2,3,728000
3086,2,2,25,0.43,3,7,0,24.4,8,833000
3678,2,2,52,1.84,2,10,0,31.5,3,957000
4943,3,2,13,0.48,3,3,0,16.5,5,986000
4444,3,3,63,1.79,3,10,1,4.1,8,1295000
2855,3,4,79,1.76,1,8,1,33.3,3,596000
2076,5,1,9,1.2,2,6,1,18.9,5,827000
3566,2,1,30,0.42,2,4,0,10.9,6,812000
1102,4,3,94,0.86,2,2,0,3.3,1,219000
1438,3,2,35,0.87,0,7,1,25.8,2,480000
855,4,4,9,1.78,3,1,0,2.2,7,699000
1325,4,2,25,0.37,2,7,0,31.7,9,705000
4923,1,2,19,2.09,2,10,0,30.9,10,1163000
2925,4,2,43,1.93,2,10,1,13.3,4,965000
4087,2,1,61,0.55,0,7,0,19.2,5,658000
1164,5,3,72,1.83,2,10,0,26.9,4,439000
2446,5,2,78,1.7,3,3,0,38.4,3,538000
1718,3,2,8,1.9,3,4,1,21.0,10,640000
3597,3,2,70,0.55,1,4,0,39.9,2,645000
2331,3,1,89,0.48,2,4,0,13.3,3,524000
4145,4,1,23,0.67,2,9,0,21.3,2,1029000
2706,3,2,11,0.98,1,6,0,5.1,8,886000
3886,3,3,59,2.0,0,10,0,22.5,1,941000
2875,3,4,83,1.87,2,9,0,21.7,5,906000
1513,2,2,77,2.32,2,4,1,34.0,1,477000
1862,4,1,85,0.24,0,7,1,39.9,5,427000
2776,1,1,15,0.13,0,10,0,39.5,3,439000
2096,4,2,28,1.78,1,9,0,9.8,9,614000
925,2,3,31,0.77,1,10,0,13.9,1,503000
4396,3,3,82,0.9,2,3,1,11.3,10,970000
4083,4,3,34,1.41,1,3,0,8.4,1,1113000
2403,6,2,42,0.35,1,6,0,6.4,8,535000
866,4,2,95,1.64,3,8,0,20.7,3,465000
1032,3,4,52,0.88,1,1,0,35.0,7,322000
2956,2,2,19,1.62,2,4,0,23.8,10,673000
1969,5,2,83,2.1,3,8,0,35.0,5,777000
2958,3,4,7,0.51,2,6,0,38.4,2,616000
2293,2,3,98,2.33,2,2,1,15.6,7,605000
4807,5,3,41,1.37,2,8,1,33.5,7,1352000
3272,5,2,76,2.32,0,1,0,2.6,3,574000
3460,6,2,69,0.6,2,1,0,19.5,6,511000
3539,5,1,15,1.55,2,7,0,15.0,5,994000
2561,5,3,68,1.07,1,10,0,8.6,1,840000
4314,2,1,52,1.96,2,3,0,17.8,1,751000
2775,2,3,44,1.55,3,8,0,18.0,2,577000
3162,4,3,50,1.29,1,9,1,32.4,7,890000
1676,4,2,97,2.29,2,8,0,34.8,3,473000
4612,3,1,5,1.01,2,1,0,26.4,9,675000
4248,3,1,32,0.63,3,1,0,25.5,3,866000
2112,3,3,78,1.56,3,6,0,4.9,10,613000
2260,4,3,14,1.6,2,1,1,23.2,4,698000
3509,1,3,13,1.15,1,8,1,11.3,8,1276000
3124,3,2,38,1.27,0,6,0,12.1,4,717000
2533,4,2,62,2.4,1,5,1,4.2,7,745000
2405,4,3,4,1.86,2,6,0,25.6,5,763000
3363,2,2,89,0.37,2,4,1,23.6,6,674000
4221,4,3,80,0.61,3,1,0,9.2,8,708000
4317,4,3,51,2.44,2,7,0,10.9,4,1070000
3197,3,2,15,1.84,2,10,0,31.0,6,819000
4535,1,1,98,2.3,2,9,0,31.8,10,890000
3670,3,2,37,0.83,1,4,1,20.0,2,694000
1960,3,1,52,1.88,2,4,0,6.4,9,635000
1042,5,3,86,1.81,2,9,0,2.7,9,513000
3390,2,3,76,0.81,3,4,1,11.2,10,879000
1863,4,4,96,1.42,1,10,0,29.4,10,681000
3395,2,3,92,1.61,3,4,0,24.2,6,733000
1719,3,1,52,1.25,2,8,1,28.9,6,461000
805,4,2,45,2.09,1,4,1,19.1,10,430000
1267,3,3,97,2.1,1,9,0,30.3,7,471000
4970,3,2,97,2.14,1,8,0,19.5,4,791000
803,2,3,90,2.03,2,5,1,3.8,7,459000
1445,3,3,14,1.27,0,9,0,3.7,10,804000
917,4,2,58,1.02,2,8,0,33.3,1,414000
3728,3,2,49,2.1,3,10,0,25.4,7,797000
3351,5,3,8,1.28,2,4,0,11.5,1,1134000
1646,4,4,25,0.69,2,4,0,30.4,8,525000
3562,3,2,2,1.32,1,1,1,5.9,10,912000
1941,1,4,99,0.44,2,4,0,26.0,6,394000
2610,3,3,46,1.76,1,8,1,39.6,1,708000
1523,4,4,4,0.91,3,5,0,6.4,1,739000
1024,3,1,61,0.73,1,6,0,6.1,4,312000
2848,5,1,83,2.4,2,4,0,19.0,7,634000
2373,3,3,83,1.96,2,5,1,25.9,5,649000
2628,5,4,4,1.99,2,10,0,1.5,5,704000
2717,2,2,9,1.6,3,8,0,20.2,8,940000
2826,5,3,79,2.11,1,9,1,3.8,2,723000
4544,3,4,62,1.92,1,3,1,10.0,4,973000
1701,3,1,24,1.54,2,10,0,28.6,4,512000
2839,3,3,43,2.41,2,4,0,29.7,8,613000
809,3,4,24,0.56,2,1,0,29.3,6,348000
1060,6,2,29,2.36,0,5,0,3.1,10,691000
2473,3,2,13,1.06,2,4,1,31.6,9,613000
3019,2,3,85,1.37,3,6,0,17.6,10,871000
2860,4,2,42,0.39,2,6,0,19.3,9,896000
4513,3,1,27,1.4,3,10,0,17.1,4,1232000
2419,4,4,93,1.57,2,6,0,34.4,10,645000
1120,4,3,18,2.49,1,3,1,27.4,7,545000
2142,3,3,41,2.44,0,7,1,20.3,3,808000
3176,5,3,19,2.42,2,3,0,33.5,6,924000
3632,3,1,98,0.94,2,6,0,32.3,1,658000
3624,2,2,85,2.48,2,10,0,0.7,5,749000
2794,4,2,78,1.19,2,1,0,19.4,6,738000
3758,4,2,10,2.14,3,8,0,2.2,5,1062000
2838,3,3,53,0.62,2,7,1,12.6,7,729000
4290,4,3,97,1.31,2,9,0,32.3,4,985000
4477,3,2,23,2.42,1,3,0,37.8,5,618000
1918,3,2,69,2.37,2,8,0,10.1,4,685000
2404,5,2,16,1.74,3,2,0,1.3,9,825000
4827,2,2,27,2.01,0,9,0,16.4,2,1085000
1035,3,2,49,0.52,3,1,1,13.7,1,399000
2769,5,1,94,1.83,3,10,0,27.2,4,766000
2708,6,3,99,1.58,2,7,0,20.1,6,779000
1175,3,1,54,0.32,1,10,0,16.3,10,565000
4330,4,2,72,0.37,1,1,0,9.6,8,935000
3435,4,3,9,0.36,1,6,0,33.2,4,762000
2370,5,1,20,1.84,0,1,0,10.3,1,570000
3360,5,3,57,0.44,2,4,1,2.7,9,811000
4191,2,2,33,1.22,0,7,1,22.8,3,942000
3765,3,1,94,0.96,2,2,1,13.0,6,730000
4443,3,2,92,1.42,1,3,0,28.6,10,721000
4650,4,4,42,1.8,1,4,0,3.7,8,1145000
1672,4,2,10,1.74,2,6,0,38.7,5,426000
2052,4,4,32,1.34,3,9,0,7.9,7,668000
2114,6,2,57,1.21,2,4,0,14.6,10,718000
3698,2,2,45,1.05,2,6,0,19.5,9,774000
877,3,2,60,2.17,2,7,1,35.7,1,443000
3421,3,2,61,0.89,2,4,0,29.0,8,989000
1400,3,2,0,0.72,3,6,1,6.2,2,418000
1865,1,2,20,1.88,1,3,0,17.8,1,491000
2936,2,2,61,0.96,3,5,0,21.9,4,854000
3249,4,2,63,2.13,1,10,1,28.2,6,908000
3143,5,2,86,0.89,3,4,0,23.1,8,724000
2663,4,2,72,1.78,1,7,1,18.6,1,632000
2118,4,2,55,0.21,3,6,0,30.7,1,471000
4397,3,3,0,1.03,3,7,0,15.4,10,779000
4562,4,4,20,0.92,1,6,0,39.5,2,890000
2990,4,2,21,2.06,3,2,0,37.9,9,765000
1792,4,2,53,2.42,0,7,1,28.4,4,588000
3512,3,2,3,1.21,1,8,0,35.4,7,1000000
2992,2,4,64,2.08,2,7,0,16.0,3,863000
2048,2,1,50,1.78,3,4,1,23.5,1,562000
3854,4,3,73,2.42,2,4,1,11.3,1,911000
4833,5,2,62,2.05,2,5,0,35.5,9,1018000
2797,5,2,14,0.29,2,9,0,19.1,4,713000
4487,3,2,35,1.81,3,5,1,21.7,3,1154000
2951,4,2,28,1.39,2,2,1,34.7,5,686000
4818,5,4,51,0.14,1,5,1,32.0,1,1005000
3910,3,2,45,0.7,1,3,0,13.2,3,1060000
2770,3,3,68,2.31,0,10,0,4.0,4,875000
997,5,3,28,2.32,2,8,0,6.9,6,599000
3426,3,3,46,2.02,1,10,0,13.9,9,731000
2002,5,2,90,2.46,1,10,0,12.6,3,739000
2835,6,1,24,2.04,3,2,0,2.0,4,428000
1277,4,2,79,0.12,1,4,0,17.6,5,325000
2054,5,2,15,0.79,2,5,0,4.7,8,499000
1722,4,3,99,0.17,1,4,1,9.2,9,465000
1219,4,1,88,0.33,0,5,1,31.6,3,275000
3004,3,3,40,0.63,1,10,0,20.0,3,797000
3397,2,2,64,1.31,2,4,1,15.2,7,758000
1920,3,4,68,2.13,3,3,1,7.8,9,770000
3868,4,2,19,2.17,1,1,0,34.7,1,825000
1750,2,2,68,1.58,1,4,0,36.2,1,417000
3136,1,4,35,2.33,2,9,0,21.0,2,663000
3043,2,2,92,1.3,2,1,0,36.9,6,523000
3445,4,4,97,2.23,2,7,0,18.9,3,887000
2657,6,1,57,1.19,3,3,0,4.7,8,724000
2665,6,2,47,0.77,2,8,0,1.2,5,720000
3712,3,3,81,2.3,2,6,0,5.6,3,752000
3653,5,4,1,1.03,3,1,0,25.1,8,1159000
4028,4,2,79,1.31,2,10,0,13.2,8,1048000
4519,4,4,28,0.89,1,5,0,26.1,2,647000
4028,4,3,96,1.69,1,8,0,20.6,5,711000
3171,2,3,15,2.49,1,3,0,13.7,3,518000
3691,5,2,34,0.16,1,4,1,9.1,7,688000
4556,3,2,61,2.26,1,7,0,3.7,2,801000
894,3,4,80,0.11,0,6,0,31.4,9,402000
3474,4,4,3,0.97,3,7,1,32.9,2,1021000
2755,3,2,67,0.5,3,9,1,21.9,2,640000
1593,3,1,50,1.92,2,9,0,6.7,6,540000
2634,4,1,88,0.22,3,2,0,10.9,3,475000
2916,1,3,32,1.43,1,3,0,38.2,3,516000
4906,4,1,77,0.81,3,4,0,9.4,10,968000
4125,4,2,23,0.42,2,6,0,2.7,2,815000
3719,4,2,74,1.95,0,5,0,22.2,5,733000
3397,4,3,24,0.62,1,6,1,10.8,5,703000
4005,4,1,27,0.64,1,8,0,38.3,7,879000
1614,4,2,6,0.76,0,2,0,23.2,8,495000
1145,4,3,35,1.51,1,6,0,38.6,8,408000
3149,4,3,9,1.68,0,9,1,31.5,3,774000
1162,4,2,35,0.14,1,5,0,29.1,6,391000
3243,5,2,94,0.68,1,1,0,33.3,5,632000
3065,2,3,82,1.13,3,8,0,24.4,4,863000
2988,3,3,17,0.9,1,4,0,0.9,10,796000
3805,5,3,5,2.22,1,8,0,16.0,6,1072000
4081,3,4,91,1.99,2,4,1,9.2,4,882000
1784,2,3,6,1.6,3,8,0,17.7,8,859000
2439,4,3,11,0.91,1,9,0,19.1,9,1004000
1627,2,2,40,1.78,3,5,0,5.5,1,596000
3530,3,2,62,2.12,1,5,1,1.4,1,860000
4331,6,2,97,1.53,1,2,0,6.0,4,878000
3735,4,2,24,1.98,1,9,1,34.4,6,989000
4676,3,2,80,1.9,2,4,0,30.4,8,817000
926,6,2,52,1.47,1,3,0,32.1,1,291000
3977,6,3,32,0.85,2,2,1,11.4,3,946000
3856,3,2,86,1.89,1,3,0,9.8,4,690000
1403,3,2,72,0.6,2,4,0,2.0,10,384000
4249,5,4,5,1.97,1,9,0,19.2,2,1048000
4946,4,2,61,2.03,2,6,0,15.6,9,827000
4333,4,2,65,2.07,2,10,0,33.5,3,1257000
4167,5,2,8,1.23,2,5,0,27.4,4,869000
4168,4,4,66,0.56,1,9,0,6.2,4,961000
4597,3,2,15,0.34,3,8,0,39.5,1,1153000
2592,4,3,88,1.88,2,6,0,30.9,5,878000
3661,3,2,87,2.23,1,3,0,28.9,5,678000
4276,4,2,92,1.66,3,7,0,9.1,2,810000
4217,4,2,54,0.45,2,10,0,36.3,1,990000
2445,2,3,39,2.34,2,6,1,19.2,5,735000
2005,4,3,25,2.47,1,8,0,12.3,5,703000
3830,3,3,37,1.14,2,6,0,26.4,7,921000
3672,3,3,34,1.53,1,10,0,8.9,10,1074000
3872,4,2,86,1.97,2,4,0,36.3,10,1066000
2654,3,3,67,1.87,2,10,0,34.2,2,568000
4821,4,2,58,2.42,2,7,0,18.9,8,1407000
3508,2,3,13,0.38,1,7,0,8.0,5,829000
4302,4,2,46,1.49,3,8,0,20.1,5,1152000
2132,5,1,70,1.76,1,2,0,6.4,9,567000
1001,4,2,71,2.24,2,6,0,11.2,2,430000
4307,3,2,41,2.2,2,3,0,19.6,10,984000
1374,6,2,50,2.45,2,8,0,1.3,2,539000
1336,3,3,18,1.33,1,4,0,30.7,5,573000
2425,1,1,65,2.09,1,4,1,8.3,1,599000
2922,3,2,46,1.13,1,2,0,34.7,5,617000
1185,1,3,64,1.11,2,6,0,1.4,5,436000
4081,6,2,41,0.71,1,6,1,21.5,8,772000
1274,3,3,37,2.06,2,1,0,31.2,6,463000
1217,4,3,12,2.47,2,8,1,9.9,6,776000
4400,4,4,43,0.72,1,3,0,28.4,5,964000
1754,3,3,23,0.23,1,1,0,29.0,5,433000
2005,4,1,95,2.06,1,10,0,25.7,8,583000
4920,1,2,29,1.59,1,1,0,14.9,1,1034000
2790,3,1,69,2.4,2,1,1,31.5,9,684000
4372,1,4,37,0.71,2,5,1,25.3,6,1007000
4958,5,1,96,0.27,2,5,0,23.8,9,738000
3513,6,2,22,1.28,1,1,0,32.9,2,516000
3003,3,2,73,0.31,3,5,1,10.2,3,957000
3920,3,3,56,0.73,1,7,1,9.7,1,985000
1766,4,2,78,0.4,1,5,0,15.8,5,541000
4232,3,4,22,0.64,2,9,1,3.4,2,817000
1488,5,1,35,0.35,3,4,1,13.8,1,579000
4501,4,1,56,2.39,1,9,0,16.5,9,1010000
1141,3,2,0,0.77,2,8,0,20.1,9,599000
2524,5,3,71,1.17,3,1,1,10.5,6,720000
2592,3,4,2,2.26,2,4,0,36.3,8,787000
2559,5,1,13,1.73,0,7,0,11.8,9,788000
4012,5,1,80,1.58,3,1,0,34.1,5,652000
1789,2,3,33,1.79,2,8,1,18.1,2,706000
3062,1,1,69,2.09,2,2,0,28.9,4,499000
3282,6,1,68,2.21,2,8,0,4.9,3,742000
1751,5,1,50,1.64,3,4,0,22.0,10,602000
1522,2,1,28,2.24,2,8,0,38.5,7,451000
4189,5,2,98,1.38,0,1,1,26.8,10,934000
2879,3,1,81,0.77,2,5,1,32.9,10,792000
3517,3,2,47,2.21,0,9,0,10.8,10,858000
3132,5,3,93,1.4,1,7,0,32.1,8,710000
4176,2,2,78,2.27,2,3,0,14.4,5,833000
2300,5,3,78,0.2,1,4,0,19.7,2,356000
1085,3,1,15,1.05,2,10,1,7.9,9,507000
4295,4,3,56,2.37,3,7,1,19.7,1,1138000
2865,3,2,96,0.7,2,6,0,20.9,5,656000
1568,4,3,9,2.36,3,4,0,25.1,3,565000
3857,4,1,18,2.39,0,3,0,34.8,8,770000
2961,2,4,100,2.22,3,2,0,12.5,8,764000
4093,4,2,66,1.45,3,10,0,39.4,1,656000
1746,3,2,35,1.65,1,9,0,34.0,4,732000
4135,2,4,3,2.19,1,3,0,16.4,10,1131000
4950,5,3,74,1.96,1,7,0,9.5,8,1035000
2281,3,2,32,1.61,3,1,1,3.3,9,736000
2701,4,4,27,2.46,3,8,0,9.8,9,1127000
4251,4,2,95,1.75,1,1,1,35.4,2,617000
4864,4,1,79,2.44,2,2,0,12.0,9,1157000
854,2,4,8,0.24,1,1,0,6.0,8,395000
2623,3,2,74,0.43,2,4,0,1.4,9,714000
4262,3,4,5,1.18,3,2,0,12.3,9,1157000
3879,4,2,48,1.02,1,1,0,9.0,3,766000
1632,5,3,90,1.98,3,1,0,4.5,5,571000
3606,4,2,75,0.49,3,2,1,38.1,3,657000
3290,2,4,21,2.44,3,6,1,11.1,6,965000
1127,3,3,47,0.86,1,2,0,0.7,10,392000
4110,2,1,100,1.13,1,2,0,37.8,5,573000
4100,2,3,20,0.76,0,8,0,23.4,2,906000
4475,3,1,32,1.49,2,5,0,3.8,3,1077000
3854,3,3,80,0.24,2,8,0,1.7,7,724000
2943,3,4,55,0.46,1,8,1,4.8,10,914000
2111,2,2,28,1.89,2,2,0,23.9,10,698000
3991,1,3,52,0.55,1,7,1,2.9,5,1092000
3338,2,1,39,0.67,1,9,0,22.9,3,739000
4783,2,2,73,2.0,2,8,0,26.3,4,830000
964,3,2,17,0.32,0,9,0,6.3,6,540000
1622,4,3,46,1.15,1,8,0,19.8,8,644000
1743,2,1,12,0.16,1,4,1,38.6,7,486000
1574,3,3,26,0.93,3,10,1,33.5,3,630000
2998,3,1,61,1.78,2,7,0,29.1,2,713000
3956,2,3,73,0.32,2,9,1,21.0,3,948000
4495,1,1,95,2.23,2,9,0,16.1,5,874000
4252,3,3,44,2.28,2,4,0,18.3,7,927000
1714,4,2,2,0.35,1,7,1,30.7,8,505000
2108,3,2,21,2.48,2,6,0,22.4,6,711000
4977,2,2,26,0.81,2,3,0,30.7,2,978000
1313,5,3,54,0.3,2,10,0,38.8,2,410000
2720,3,2,66,0.11,2,6,0,25.8,10,655000
4394,3,3,32,1.08,2,8,0,24.3,5,931000
2209,5,2,1,1.61,1,2,0,16.5,5,732000
3990,5,3,74,0.9,3,3,0,8.3,1,671000
2355,3,1,45,2.11,1,8,0,15.3,1,734000
1604,3,2,73,1.82,3,4,0,21.0,9,624000
2079,3,2,32,0.94,1,4,1,1.9,7,406000
4377,2,1,57,1.86,1,2,0,19.3,8,914000
3701,4,2,6,2.36,2,10,0,34.6,5,1074000
2187,2,4,14,0.32,1,1,0,39.1,3,365000
3561,3,4,25,0.83,3,7,0,34.3,3,831000
3479,5,3,10,1.21,2,4,0,7.3,3,817000
2906,6,2,37,1.3,2,6,1,6.6,1,692000
3568,3,2,26,1.4,1,8,0,16.0,3,774000
4753,4,3,6,0.82,1,7,0,9.4,2,1201000
3986,3,1,0,1.7,1,7,1,27.2,8,1007000
4080,5,4,73,1.65,2,6,1,3.8,10,965000
3373,3,2,20,1.49,2,4,0,18.0,10,703000
3399,1,4,78,0.37,2,4,0,11.6,6,806000
4833,2,2,29,1.24,3,9,0,24.0,5,1374000
1036,3,3,93,0.95,2,5,0,32.0,1,286000
2104,3,1,7,1.28,3,9,0,37.0,2,650000
4230,4,4,87,2.31,1,9,0,38.6,2,1260000
2101,4,2,82,1.25,0,4,0,14.4,7,564000
3341,3,3,2,0.13,1,2,1,34.3,7,890000
2851,3,3,54,1.15,1,2,0,23.9,6,561000
1241,2,2,14,2.07,2,9,0,27.8,8,525000
2876,5,2,35,1.97,2,9,0,34.1,4,960000
3980,5,2,5,1.33,2,3,0,5.6,9,1051000
3457,6,2,41,0.7,2,5,0,37.9,8,836000
4598,5,2,49,1.22,3,5,0,22.1,3,1040000
1604,2,2,17,1.45,3,2,1,13.8,3,675000
874,1,2,82,2.5,1,2,0,13.9,9,281000
2975,4,3,49,1.65,1,10,0,30.2,9,867000
4724,5,3,29,1.77,1,1,0,27.3,5,847000
2889,2,2,76,1.28,1,2,1,29.3,10,650000
840,1,4,38,0.95,2,7,1,10.5,1,517000
2881,5,4,11,2.05,2,1,1,7.2,3,846000
2422,2,2,97,1.29,1,1,0,29.0,5,521000
1141,3,2,58,2.49,2,9,1,12.3,4,535000
4852,4,2,75,1.2,2,2,1,9.3,4,1031000
2874,3,3,43,0.26,0,4,0,9.0,1,717000
1445,2,3,87,1.74,1,3,0,6.4,6,387000
1409,4,2,3,0.21,3,4,1,17.4,10,580000
1254,4,3,35,0.7,2,7,1,10.8,4,562000
3753,6,2,47,0.95,1,10,1,35.8,1,708000
2508,3,1,13,1.87,1,2,0,27.7,10,746000
4272,2,3,80,1.29,1,2,1,29.9,6,824000
3769,4,3,48,0.17,0,9,0,16.4,5,646000
3828,4,2,66,1.58,3,6,0,24.2,5,814000
3481,3,2,86,1.09,0,7,1,20.3,2,862000
4429,4,4,76,2.31,1,5,1,7.1,1,923000
3867,3,3,8,1.3,0,5,0,2.4,7,1145000
2186,3,3,20,1.8,2,4,1,27.5,5,644000
4576,2,1,71,0.63,0,8,0,5.3,3,687000
3666,3,2,80,1.93,1,7,0,2.8,6,574000
4163,3,2,15,1.83,2,10,1,18.0,3,1415000
4924,4,2,15,2.27,2,2,1,29.7,6,934000
948,4,3,27,0.18,1,2,0,30.9,6,310000
4650,5,2,50,1.17,1,6,0,35.0,9,971000
2858,2,2,55,1.73,2,1,0,8.4,8,676000
1936,2,2,79,0.33,3,7,1,39.4,1,415000
986,1,2,56,1.09,1,8,1,30.6,7,519000
3654,2,4,51,2.36,0,10,1,6.7,9,1066000
2050,4,3,45,1.15,0,8,0,33.7,2,660000
2133,4,2,77,2.46,2,3,1,20.2,9,441000
4993,4,3,37,0.24,2,7,1,3.1,6,1239000
4950,3,3,83,1.82,2,1,0,5.7,3,972000
3511,3,3,47,1.49,2,3,0,17.6,8,807000
2585,3,1,40,1.3,3,6,0,21.5,7,648000
1550,2,2,97,2.43,3,9,1,37.9,8,450000
2562,4,1,58,0.41,2,5,0,9.0,8,518000
4720,6,3,92,2.25,2,5,1,19.2,7,1265000
1281,3,3,66,1.76,1,9,0,9.4,1,525000
953,4,2,73,0.72,2,9,0,22.6,10,475000
2324,4,2,83,2.26,2,6,1,36.4,10,653000
2920,2,2,65,1.13,2,5,0,22.9,10,806000
3143,4,1,26,2.05,1,10,0,20.6,8,1018000
2040,3,4,31,1.03,2,2,0,30.1,5,478000
860,1,2,55,2.14,2,8,0,6.3,2,339000
1738,4,1,9,1.63,2,8,1,36.3,2,658000
2439,5,4,39,0.44,1,7,1,23.3,2,834000
4920,3,2,16,1.66,2,8,0,27.6,9,1262000
4369,3,3,57,0.56,1,3,1,32.8,5,1063000
2052,5,1,96,1.09,3,3,0,25.6,3,444000
971,5,3,5,0.51,2,2,0,25.8,6,456000
2258,4,2,38,0.15,1,1,1,29.3,9,548000
4349,3,3,17,0.61,0,3,0,2.6,9,1053000
4997,5,1,72,1.39,2,3,0,15.6,9,890000
3122,2,2,71,1.26,1,7,1,38.5,10,769000
2436,4,3,88,1.3,3,10,0,10.7,4,918000
3915,1,2,94,0.69,2,9,0,21.9,5,720000
4890,4,3,41,1.74,1,1,0,7.4,1,652000
3804,3,1,3,1.79,2,8,1,13.3,10,1142000
1129,3,1,19,0.96,1,1,0,28.8,6,444000
4440,3,3,27,2.21,3,3,0,25.9,2,853000
4694,2,3,39,1.65,1,4,1,16.9,7,1211000
4907,4,4,64,1.81,3,8,1,37.6,4,1127000
2141,5,3,43,0.77,2,1,0,31.1,4,437000
4463,6,2,22,0.1,3,2,0,11.1,9,1106000
1015,2,4,56,2.18,0,5,0,18.9,1,288000
1138,4,1,46,2.07,1,6,0,35.2,6,526000
4862,4,2,12,0.4,2,5,0,1.4,2,1058000
3508,3,2,15,1.0,2,3,0,23.5,6,589000
3952,1,1,89,1.69,1,10,0,9.7,7,1113000
2550,4,3,54,1.67,1,7,0,3.0,3,802000
3221,5,2,94,2.16,1,1,0,36.6,4,611000
1509,4,3,64,0.44,2,2,1,32.7,2,451000
4526,3,2,80,1.13,1,9,0,7.8,7,623000
4442,4,2,15,0.33,1,4,0,33.6,9,844000
4793,2,1,36,1.04,1,8,1,6.3,5,1457000
1288,4,3,51,0.14,2,9,0,19.3,5,543000
846,4,2,9,2.26,1,7,0,29.2,9,477000
4159,2,3,37,1.36,3,1,1,21.6,8,944000
1200,5,2,43,2.14,1,5,0,34.1,1,344000
4790,3,2,94,0.24,3,6,0,24.9,2,1094000
3957,6,3,73,0.65,2,8,1,17.6,7,922000
1190,3,3,53,0.72,1,10,0,37.0,3,348000
4653,2,2,97,1.03,1,8,1,1.9,6,1010000
1428,3,3,50,2.03,2,9,1,19.8,1,685000
3730,3,4,51,1.03,2,9,0,26.6,8,1044000
2321,2,4,69,0.59,2,4,0,33.5,2,399000
1626,4,3,91,0.26,0,6,1,21.9,1,353000
2300,4,3,91,0.29,3,3,0,35.5,2,321000
4094,4,2,58,1.92,3,1,1,17.3,8,1013000
3219,1,3,12,1.17,2,6,0,13.0,10,930000
1734,4,2,40,1.84,2,1,0,39.0,5,485000
3842,2,4,11,1.74,2,9,0,26.9,9,970000
2266,4,1,49,0.42,1,6,0,17.3,3,393000
4361,2,2,56,0.44,0,1,0,35.2,8,645000
1414,5,3,49,1.91,2,3,0,27.5,4,555000
1982,4,2,56,1.83,3,1,1,25.7,7,604000
4023,4,2,53,1.01,0,2,0,29.3,10,582000
3467,3,3,65,0.29,2,6,0,29.7,10,764000
930,2,3,7,0.13,3,7,0,20.0,8,573000
3783,3,3,62,0.79,1,1,1,17.1,3,723000
838,5,2,8,0.12,1,10,0,36.4,3,366000
4759,5,3,59,0.65,2,5,1,20.1,1,917000
4387,1,2,62,1.11,1,6,1,9.0,8,846000
1720,4,2,71,0.39,1,4,0,21.1,2,398000
3569,4,3,2,0.35,1,6,0,1.9,7,963000
4911,4,3,72,2.25,1,5,0,29.1,7,904000
1292,2,2,12,1.51,3,7,0,5.5,7,675000
1931,3,2,8,2.34,2,4,0,4.9,4,801000
4321,3,2,94,0.93,2,1,0,37.9,7,1077000
1110,5,2,88,1.73,2,2,0,31.0,10,326000
1538,3,1,51,0.59,3,6,0,16.9,8,534000
4041,3,4,61,1.58,1,10,0,10.0,9,751000
1345,5,3,7,0.41,1,2,1,33.8,7,460000
3261,4,3,94,0.1,3,5,0,38.8,6,809000
2604,5,2,44,2.34,3,4,0,20.6,5,477000
4012,3,3,52,1.43,1,7,1,23.4,10,919000
4610,2,2,62,2.32,1,4,0,10.1,10,968000
1613,5,2,94,0.9,2,7,0,23.8,7,387000
4924,3,2,80,0.89,0,8,0,16.3,10,1065000
2832,2,3,56,1.06,2,7,1,33.9,2,721000
1044,3,4,53,1.79,0,2,0,15.4,5,331000
1071,2,2,18,1.46,0,1,0,26.1,8,379000
4311,3,2,66,2.32,2,5,0,8.5,6,828000
2571,5,2,45,0.16,3,7,0,4.1,6,806000
2062,5,3,93,1.8,2,1,0,2.1,1,485000
3224,5,2,9,0.89,1,8,0,16.9,2,862000
1720,2,2,92,0.53,3,3,0,7.0,3,392000
4230,3,3,17,1.32,2,7,0,39.7,7,785000
3424,1,2,11,1.31,1,3,0,32.0,10,603000
4560,5,1,48,0.43,1,4,1,27.9,6,813000
2850,3,1,22,0.58,1,8,1,32.2,5,677000
4300,4,3,61,1.08,2,2,0,10.9,9,951000
1965,4,2,10,1.08,2,6,1,35.2,10,698000
1175,3,4,72,0.86,1,10,0,39.8,7,451000
2833,3,3,55,0.46,1,9,1,11.9,9,576000
945,6,1,87,0.11,1,10,0,39.4,3,314000
1231,6,2,88,2.43,2,9,0,13.2,8,487000
1504,3,2,54,2.36,0,5,1,1.0,9,730000
3432,3,1,24,1.26,1,3,1,15.0,2,755000
1763,6,4,8,2.49,3,6,0,39.9,4,867000
3034,1,3,11,1.72,2,9,0,25.6,2,823000
2841,3,2,10,0.27,0,6,1,28.0,7,932000
2628,2,2,37,0.38,2,4,0,9.9,4,650000
2908,4,1,27,2.3,0,5,1,6.3,6,824000
4868,1,2,7,1.61,2,7,1,35.5,8,1437000
1738,3,3,73,2.12,2,10,1,16.8,6,613000
1606,3,2,88,2.26,2,3,0,0.7,4,414000
2263,4,4,46,1.18,2,9,0,12.1,6,776000
4215,6,1,35,0.22,0,1,0,8.2,1,1093000
810,5,3,49,0.55,2,8,1,24.3,6,482000
2668,5,4,8,0.26,1,5,1,30.4,10,842000
1684,4,2,59,0.55,1,10,0,20.2,8,676000
4364,1,1,71,1.09,3,9,1,7.8,4,1221000
2189,3,2,66,0.38,2,2,0,2.8,9,624000
4201,5,2,52,0.5,3,1,1,12.9,6,1103000
1624,3,4,81,1.17,0,10,0,32.3,6,588000
3065,2,4,98,0.92,2,7,0,17.1,4,708000
1736,4,4,16,1.22,0,10,0,10.5,8,605000
3600,3,3,99,1.13,2,9,0,1.3,5,791000
3353,3,2,52,1.65,0,5,1,20.1,1,680000
4645,6,4,27,2.35,1,4,0,27.6,7,1113000
2596,5,4,62,0.36,1,4,1,8.0,8,778000
853,3,2,14,0.34,2,8,1,21.7,6,668000
1526,6,2,18,2.15,1,1,0,17.1,7,363000
3536,4,2,85,1.32,3,1,1,28.3,7,735000
3970,4,2,69,1.94,1,8,0,34.5,4,1101000
2713,1,1,46,0.62,0,2,1,12.6,4,425000
2396,2,4,70,2.09,1,10,0,36.2,1,572000
2714,4,4,47,2.32,3,6,1,28.4,2,850000
3266,5,2,72,1.63,1,2,0,2.0,3,776000
3537,4,2,19,0.35,1,5,1,31.8,5,645000
1649,2,3,36,2.25,2,3,0,20.0,10,703000
2909,2,3,74,2.0,1,7,0,37.8,9,766000
802,5,2,1,1.9,2,9,0,13.3,5,470000
4869,2,3,63,0.19,1,2,0,23.9,6,1007000
1692,4,4,85,2.02,2,7,0,38.3,7,646000
2830,1,4,35,0.43,1,8,1,11.2,4,772000
3960,2,2,4,0.63,2,10,0,19.1,8,949000
3176,4,2,63,1.49,2,8,1,30.2,6,681000
2733,4,4,6,0.74,2,7,1,27.8,1,749000
2180,3,1,69,1.69,2,4,0,33.6,6,591000
4481,3,3,21,1.56,3,4,0,21.0,2,724000
2090,5,1,73,0.36,1,10,1,13.1,4,559000
2440,3,2,45,1.67,1,9,0,21.6,4,715000
3482,4,2,39,2.32,2,10,0,14.3,10,1112000
1787,6,2,60,0.49,2,9,0,7.5,10,757000
2018,2,4,45,1.53,0,5,1,22.4,5,518000
2155,5,1,83,0.92,2,7,0,2.4,10,646000
4935,2,4,27,1.2,1,7,0,1.9,2,1003000
2360,4,4,86,0.79,2,9,0,3.1,6,752000
2218,3,2,34,0.95,3,7,0,27.1,3,691000
1754,6,3,0,0.17,2,8,0,16.6,9,716000
1783,3,2,28,2.46,0,7,1,20.0,6,645000
1774,3,3,8,1.6,2,4,0,14.1,3,589000
4933,6,3,8,1.3,2,2,1,10.5,3,845000
4772,4,2,21,1.02,1,3,0,14.7,5,1159000
1713,4,2,62,1.39,2,7,0,8.1,6,681000
836,3,3,65,1.01,3,9,0,27.3,4,331000
4187,4,4,79,0.96,1,2,1,4.5,5,1151000
2511,1,1,57,1.21,1,7,1,20.9,3,643000
3820,1,3,69,0.76,1,4,0,19.3,10,848000
1595,4,2,54,0.53,2,7,0,12.4,4,490000
4836,3,3,12,1.44,3,5,1,4.5,8,1214000
3911,6,1,96,2.12,2,7,0,28.3,8,952000
2124,5,3,18,0.47,1,6,0,23.0,1,764000
1117,4,2,78,0.18,2,2,0,32.5,4,226000
3196,5,3,32,0.69,2,7,0,9.8,2,967000
2962,4,3,73,2.45,2,5,0,31.8,4,660000
3545,2,3,64,2.09,1,9,0,12.0,5,1055000
2391,4,3,59,1.53,2,1,0,4.9,1,435000
3911,3,2,11,2.33,2,1,0,5.8,5,873000
4730,3,4,42,1.17,0,2,1,9.2,7,681000
2796,5,3,92,2.46,2,8,0,27.5,5,672000
2112,4,4,16,0.81,3,9,0,10.1,7,754000
2085,5,2,67,0.68,1,7,0,24.4,9,643000
3183,3,2,28,1.63,3,1,1,10.6,8,622000
4039,4,2,54,1.01,0,7,0,14.9,1,1030000
2939,2,2,6,1.6,2,8,1,35.6,10,1120000
2504,4,1,43,0.83,1,7,0,20.3,10,706000
1162,4,4,76,1.58,1,5,1,24.2,2,348000
3404,4,3,4,0.76,2,7,0,8.0,6,733000
2516,3,4,59,0.22,2,10,0,5.7,5,770000
4538,1,1,5,2.29,2,2,1,16.8,1,822000
3269,2,2,97,2.22,2,9,0,34.3,2,849000
1356,4,4,6,2.43,2,2,1,10.0,3,567000
1625,5,2,45,1.82,3,2,0,25.1,10,599000
3608,3,2,56,1.74,2,5,0,34.9,5,768000
3519,4,4,53,1.44,1,8,1,37.4,7,829000
4308,5,2,91,0.4,1,6,1,39.8,6,755000
4541,4,2,45,0.55,1,9,1,30.6,3,823000
2374,4,4,9,0.79,2,6,0,3.5,6,735000
4798,5,1,3,2.24,0,5,1,34.9,4,1048000
2929,3,4,66,0.52,1,1,0,35.5,3,553000
3203,3,1,24,2.31,1,8,0,22.5,4,813000
4129,1,3,86,1.35,2,3,0,3.2,8,815000
1388,6,1,90,1.82,1,2,1,19.3,1,262000
2812,5,3,77,0.36,1,7,0,8.8,3,798000
2347,4,1,60,0.75,2,2,1,18.0,10,469000
1094,2,3,37,2.4,2,1,0,29.1,8,444000
2785,3,2,31,0.74,1,2,0,26.9,10,758000
3917,2,1,22,0.81,2,6,0,31.3,9,1034000
2490,1,3,36,0.57,0,2,0,19.3,3,552000
1936,4,2,2,0.41,3,1,0,20.7,9,600000
2864,6,2,98,0.66,1,1,0,37.5,10,478000
1807,5,1,12,1.64,3,4,0,25.4,10,515000
3314,4,2,33,1.19,3,8,0,30.0,4,853000
4326,2,1,87,1.43,2,6,0,26.7,4,735000
2047,3,1,64,0.39,0,4,0,25.8,7,403000
4702,3,2,75,2.03,2,6,0,36.6,6,1044000
2235,4,3,7,1.98,0,6,0,14.6,10,725000
1371,5,2,82,0.15,3,9,0,17.4,3,446000
3182,3,1,8,1.02,2,4,0,15.5,8,1144000
2045,3,4,27,0.27,3,6,0,30.7,5,601000
2884,1,4,77,2.0,2,10,1,34.8,2,852000
1077,3,2,90,1.87,2,1,0,14.6,10,396000
2687,3,1,17,2.26,2,7,1,6.1,3,758000
2065,2,4,41,0.67,1,7,1,20.0,7,595000
1840,3,2,40,1.2,2,1,1,39.4,10,391000
1717,5,2,69,0.54,2,8,1,8.5,9,682000
1685,4,2,32,0.99,3,5,0,18.4,1,535000
3552,2,3,100,1.35,2,9,0,11.2,6,680000
821,2,2,88,0.23,3,8,0,36.9,9,440000
3991,3,3,76,1.82,3,3,0,22.3,7,935000
3153,3,3,53,1.4,2,1,0,23.4,3,646000
1486,3,2,86,2.09,1,3,0,0.8,7,420000
1084,4,4,35,0.75,2,2,1,26.3,2,407000
4547,4,1,96,2.27,2,2,0,12.6,10,741000
1562,4,3,84,2.5,0,4,0,20.8,2,374000
3228,3,2,97,2.31,1,2,0,21.5,1,637000
3307,5,2,55,1.97,3,8,1,23.9,3,873000
828,3,2,99,2.05,0,5,0,33.0,1,286000
1706,2,2,16,1.48,2,1,0,12.3,8,475000
3904,4,1,9,0.56,3,6,1,10.6,8,1000000
4799,4,2,86,1.72,2,7,0,31.9,4,1028000
3794,5,2,43,1.81,2,1,1,28.9,1,859000
3306,4,3,1,2.46,2,3,1,9.4,2,856000
4409,5,1,98,1.4,2,9,0,0.5,2,850000
4353,5,3,13,0.75,0,7,0,26.8,2,905000
2253,4,2,40,1.74,3,4,0,6.7,9,758000
4156,4,1,1,2.45,2,6,0,38.3,7,950000
1315,4,2,18,0.53,2,6,1,24.4,9,802000
838,6,2,79,0.88,2,3,0,34.1,10,340000
4142,4,3,88,1.4,0,2,1,32.3,10,847000
1686,2,2,0,0.51,3,5,0,22.5,2,542000
3644,4,4,1,0.15,2,8,1,17.8,5,972000
3004,2,4,26,0.91,1,3,0,20.1,1,740000
1898,3,2,1,2.18,3,5,0,32.2,2,521000
2623,3,3,93,0.2,2,3,0,25.8,4,696000
4001,4,1,50,1.13,2,7,0,8.6,10,864000
3955,5,2,9,1.93,2,6,0,24.6,1,1000000
3893,3,3,18,2.39,1,6,0,16.5,8,1007000
4330,2,2,79,2.47,2,1,0,2.9,6,847000
4578,3,1,12,1.11,0,2,0,15.6,1,1001000
3696,4,2,47,2.38,2,6,0,9.5,9,1223000
4253,3,2,55,0.19,2,8,1,33.6,1,785000
4311,3,2,71,1.89,3,5,0,4.6,4,831000
1788,2,2,55,1.64,2,2,1,14.7,5,547000
4916,3,2,49,0.7,1,5,1,28.0,9,1012000
4826,3,2,94,1.32,3,9,1,35.9,2,926000
4979,4,3,44,0.41,2,6,0,13.7,9,1049000
2482,2,1,88,2.19,2,5,0,24.5,1,478000
4763,4,3,58,0.96,1,10,0,15.3,4,882000
1733,3,3,38,1.6,3,6,0,8.5,7,681000
4398,3,3,20,0.48,3,9,0,13.4,4,1076000
4033,3,3,54,0.59,2,7,0,25.6,8,853000
2780,4,2,56,2.48,3,10,0,28.8,7,604000
2655,5,2,40,1.91,1,3,0,15.1,6,642000
3856,5,2,92,2.41,3,10,1,6.5,5,1332000
1592,4,4,69,0.81,2,10,0,6.0,10,653000
1591,3,3,81,0.49,1,5,0,32.6,3,360000
2609,5,1,48,1.31,2,4,0,26.3,8,613000
3055,4,1,43,1.29,2,5,0,29.3,4,758000
4410,2,4,34,0.52,1,8,0,19.8,8,1174000
2407,5,1,90,1.86,0,6,0,18.6,1,469000
1784,3,1,4,0.97,1,4,0,8.8,2,397000
4476,2,2,70,0.55,1,5,0,7.1,2,791000
4180,3,4,73,0.9,1,7,0,6.6,6,858000
1319,3,2,73,1.45,1,8,0,39.7,5,409000
1390,4,2,50,1.84,1,5,0,32.9,10,587000
1850,3,3,56,1.26,3,2,1,25.2,10,500000
4433,2,1,57,1.36,2,6,0,9.0,7,1002000
1759,2,4,91,0.43,1,9,0,13.8,2,530000
1492,4,2,35,2.3,3,3,0,14.4,9,631000
4699,4,2,9,2.33,2,7,0,19.4,2,1195000
3746,3,4,49,1.74,2,8,1,17.2,1,675000
1326,1,4,98,0.14,2,6,0,37.4,2,345000
4024,2,2,98,1.39,2,3,0,29.0,3,699000
3053,5,2,36,1.61,1,1,0,3.7,6,641000
4144,3,3,19,2.49,1,3,1,14.7,7,1234000
4765,3,2,12,2.49,2,6,1,5.8,6,1321000
2675,1,4,74,2.16,2,4,1,11.5,1,577000
2563,4,4,18,0.25,2,1,0,38.4,9,593000
1320,4,1,91,2.39,1,6,1,28.4,8,548000
1816,3,4,55,1.57,2,1,0,0.8,2,498000
916,2,2,44,2.02,2,8,0,13.5,1,358000
3233,3,3,59,1.08,3,3,1,17.8,7,1002000
1383,5,1,67,0.87,1,3,1,24.3,3,370000
1194,5,4,56,1.21,3,1,0,20.2,3,423000
4588,4,3,53,0.45,3,3,1,3.3,10,1134000
3568,4,3,36,0.96,2,7,0,20.9,9,803000
4967,2,4,82,2.16,2,10,0,5.6,2,1321000
4660,4,2,36,0.19,0,8,1,21.0,5,868000
1073,4,2,13,0.46,3,8,0,10.2,4,580000
2813,3,4,94,0.4,1,3,0,6.2,1,507000
2189,5,3,91,1.07,2,5,0,11.9,6,690000
4366,2,4,99,2.49,1,1,0,4.4,6,909000
965,3,4,43,0.52,2,9,0,11.7,1,474000
2367,4,2,82,0.45,2,8,0,34.7,7,465000
1528,4,2,41,2.3,3,10,1,12.6,6,778000
2843,4,2,0,2.22,2,2,0,19.1,4,751000
4997,2,3,22,0.18,3,10,0,21.0,7,895000
4296,5,2,63,1.9,2,1,1,7.5,3,924000
1578,4,3,27,1.67,1,4,0,18.0,10,643000
1013,3,1,3,1.94,1,9,0,34.2,6,522000
4562,6,1,40,1.29,2,8,0,3.7,6,1005000
2376,4,2,59,2.48,0,3,0,37.0,10,697000
3248,2,1,17,0.21,2,10,1,34.9,6,1080000
3736,4,3,62,0.66,1,6,0,34.3,3,636000
3917,2,1,60,1.05,2,9,0,8.3,10,1088000
1391,1,2,48,1.18,2,10,0,19.6,5,572000
3520,3,1,46,2.31,2,8,0,24.8,1,739000
1513,6,3,38,1.44,1,10,1,4.4,6,706000
1735,2,3,88,0.21,1,5,0,22.5,7,414000
801,4,2,81,1.08,1,9,0,33.7,5,427000
3648,2,3,5,1.1,0,9,1,37.5,5,847000
4844,4,2,82,2.42,2,3,0,11.5,6,706000
2749,4,2,52,1.54,2,8,1,11.9,7,800000
1717,4,3,75,1.63,0,4,0,11.2,4,526000
3974,3,2,24,1.81,2,10,0,6.6,7,1244000
3041,4,3,98,1.95,2,7,0,17.5,5,697000
889,6,1,64,1.62,1,10,1,31.5,7,555000
2509,4,4,4,0.67,2,8,1,28.6,1,925000
2969,3,1,64,2.2,1,7,1,36.1,10,838000
3841,5,3,7,1.86,2,5,0,14.6,2,1241000
905,1,4,38,1.88,2,1,0,23.1,2,392000
1686,4,1,42,2.49,1,8,0,30.8,7,550000
1227,5,2,81,2.03,2,5,1,36.0,9,489000
2695,2,2,72,2.09,2,3,0,34.9,7,739000
1116,3,3,4,2.38,1,2,0,18.9,6,392000
1434,3,2,3,0.46,2,3,0,36.3,3,422000
2725,4,1,92,1.29,2,9,0,18.0,5,879000
2856,4,3,0,1.49,2,2,0,36.2,10,992000
3944,3,2,93,0.89,2,10,0,31.2,2,858000
3070,3,3,55,2.11,3,1,0,9.3,9,572000
2239,3,2,44,1.93,3,2,0,37.2,6,533000
1352,3,2,64,1.83,2,2,1,10.1,9,550000
1515,2,3,2,2.49,3,5,0,36.4,9,556000
4711,5,3,21,0.72,0,1,1,24.8,7,1301000
2513,1,2,71,1.87,2,10,1,26.9,5,692000
4189,5,2,55,1.42,1,8,0,4.8,4,1162000
1907,4,2,17,0.85,0,2,0,3.1,1,471000
1050,3,2,24,0.49,2,6,0,38.7,9,475000
3230,4,2,47,2.25,2,5,0,13.8,6,814000
2854,4,2,83,1.53,2,2,0,33.9,2,496000
1258,3,3,30,2.08,2,10,0,28.3,7,587000
1007,2,3,29,1.41,2,1,0,24.4,6,410000
1699,3,2,79,0.63,2,6,0,27.6,4,431000
4261,3,2,65,0.91,1,6,0,4.0,6,841000
4185,1,2,80,1.02,1,3,1,16.8,6,868000
821,3,2,9,2.44,1,8,0,24.5,5,619000
1209,2,4,70,0.11,2,9,0,34.8,1,516000
1694,3,3,58,2.47,1,3,0,28.7,3,386000
1314,2,3,50,2.45,0,9,0,10.5,7,499000
4909,2,3,8,2.49,2,8,0,39.4,2,1302000
2934,2,2,53,1.24,2,5,0,25.9,10,663000
4395,6,1,61,2.41,2,6,0,20.3,10,993000
3756,1,3,80,1.05,1,1,0,31.4,1,472000
2360,4,2,8,0.16,2,5,0,24.3,8,751000
2066,2,3,8,0.64,2,10,0,28.5,7,717000
2969,5,3,100,2.37,3,10,1,24.9,6,1016000
4438,2,3,23,0.13,2,7,0,7.6,10,1177000
1549,6,2,38,1.41,0,1,0,22.0,5,491000
4227,4,2,74,0.28,2,10,0,11.7,6,1123000
2727,1,3,7,0.79,1,9,0,23.0,1,675000
4604,5,3,24,0.31,1,7,0,5.5,9,1091000
4502,4,3,65,2.16,1,4,0,9.7,1,936000
3156,3,4,9,1.52,2,4,1,32.4,4,839000
3135,4,1,23,2.27,2,10,0,16.5,3,972000
1106,5,2,79,1.75,2,7,0,27.1,4,410000
4465,3,2,82,2.43,2,6,0,20.2,1,937000
2789,3,1,58,1.32,1,3,0,14.0,10,587000
1461,4,4,30,1.63,2,9,0,20.1,4,667000
1111,4,4,10,1.48,2,6,0,32.6,4,560000
3720,5,2,5,1.26,2,2,1,11.6,3,733000
1882,4,1,69,2.13,2,10,0,17.1,8,704000
3771,3,2,31,1.65,1,2,0,8.5,7,990000
1554,5,3,38,2.02,2,1,1,14.4,9,688000
4930,2,2,47,1.99,2,5,1,35.5,2,813000
1152,3,1,12,0.56,2,10,0,31.5,10,465000
1702,4,1,58,1.66,2,6,1,15.3,3,601000
4688,4,2,66,0.58,3,3,1,5.7,6,1018000
958,1,4,55,1.5,1,4,1,17.1,2,373000
2777,4,2,40,1.73,2,5,1,31.0,2,443000
1756,3,2,55,2.49,2,4,1,2.2,10,555000
2871,3,1,34,0.17,1,9,0,29.9,2,794000
1203,5,2,37,0.32,0,3,1,27.4,2,388000
3579,3,3,80,0.28,2,5,0,3.1,5,1005000
2187,1,2,66,1.06,1,7,0,25.6,1,553000
4253,2,2,33,2.07,1,7,0,12.3,7,1029000
1755,6,3,75,2.13,3,6,1,7.5,1,493000
2512,2,1,87,1.87,2,9,0,15.7,1,642000
2073,3,3,69,2.25,1,7,1,8.6,5,659000
4611,4,2,10,0.87,2,4,0,33.1,7,820000
3425,3,2,26,0.31,2,10,0,29.8,3,1003000
3182,1,3,47,0.24,3,9,0,39.2,7,793000
2241,4,3,23,2.15,2,6,0,21.6,9,800000
3779,3,3,17,1.85,3,1,1,4.0,4,805000
2597,6,1,26,1.78,1,9,0,15.0,5,832000
4809,2,2,53,0.92,2,7,0,33.6,8,968000
2194,3,2,54,1.01,0,6,0,16.2,9,793000
2069,3,2,20,2.4,0,6,1,18.5,5,606000
4514,3,3,58,0.25,2,4,1,16.8,5,841000
1329,4,1,33,1.96,0,4,0,9.8,2,435000
4423,3,2,96,0.84,2,3,0,3.4,9,843000
3758,3,3,57,0.19,3,8,0,7.6,6,952000
3714,4,2,47,1.88,1,8,0,14.9,5,1119000
4391,4,3,53,0.89,0,2,0,10.2,5,722000
2947,3,2,17,1.83,2,5,1,23.1,4,804000
4169,2,2,2,1.8,3,9,1,24.7,1,953000
1739,2,4,23,1.38,2,9,0,23.0,6,605000
1325,1,2,0,1.97,2,7,1,3.9,1,583000
801,2,2,5,1.49,1,4,0,26.8,10,429000
1174,4,3,18,0.79,0,4,0,15.7,2,521000
3140,5,4,85,1.86,2,10,0,35.2,7,787000
4805,3,4,42,1.51,1,7,0,21.3,1,973000
3852,3,3,7,0.13,3,3,0,3.8,8,673000
3165,2,1,68,2.26,2,3,0,0.9,8,779000
2325,3,4,51,1.41,2,5,1,28.2,7,706000
2446,1,3,72,2.18,2,6,1,16.3,7,759000
813,5,2,46,2.22,2,8,0,11.9,1,498000
3078,4,3,84,1.17,2,1,0,18.2,3,440000
3955,6,2,27,1.32,3,7,0,3.4,9,1349000
929,5,1,45,1.1,3,8,0,16.0,5,526000
4614,3,3,3,1.18,3,5,1,12.9,5,1179000
4016,4,2,87,2.25,3,10,0,32.1,7,1226000
3738,2,2,7,1.99,2,2,0,7.4,10,839000
4728,3,2,60,0.4,2,4,0,30.4,8,725000
2840,5,3,16,1.56,1,6,1,20.3,6,701000
827,2,2,33,2.49,1,9,0,3.7,5,514000
2913,5,2,19,1.53,0,2,1,38.8,1,621000
2052,3,3,79,1.99,1,4,0,29.5,10,684000
2846,5,4,73,1.95,2,10,0,10.8,10,962000
4823,5,2,33,0.94,1,5,0,23.5,10,817000
4174,4,3,42,0.99,3,8,1,36.0,9,948000
4266,4,3,9,1.84,3,8,0,37.3,6,976000
3881,3,3,93,1.3,0,2,0,29.4,3,622000
4578,5,2,29,1.47,1,6,0,29.2,10,930000
1429,6,4,24,1.81,3,6,0,11.5,7,568000
1069,4,2,56,1.97,3,5,1,39.6,4,472000
3439,4,1,62,0.75,3,8,1,10.1,3,801000
2793,4,2,70,0.45,3,10,1,4.0,7,693000
3691,5,3,46,0.8,3,2,0,39.1,6,981000
4232,4,1,83,1.32,2,2,0,6.5,4,789000
2080,5,1,80,0.92,1,7,1,21.1,10,815000
3160,4,3,2,1.46,2,9,1,19.0,8,1165000
1375,2,4,45,0.23,1,3,0,34.0,2,319000
2107,3,3,35,1.32,3,7,0,16.2,6,895000
3992,3,2,25,0.98,2,3,1,20.3,3,1009000
3978,2,1,9,1.38,2,6,0,2.2,8,886000
3534,2,3,33,1.11,1,3,0,8.7,8,764000
3012,4,1,77,0.78,2,1,0,33.4,1,525000
3152,2,3,7,2.27,2,6,1,19.4,2,834000
4368,3,2,54,0.54,3,3,0,9.6,4,1018000
2455,4,4,90,1.74,1,1,0,15.1,1,530000
2379,6,2,9,2.32,3,5,1,11.8,3,943000
3003,4,2,56,1.39,3,8,0,22.5,4,863000
2190,6,4,78,2.2,2,8,1,2.5,10,757000
2542,4,2,100,0.4,2,8,0,9.4,3,466000
2725,3,2,85,1.29,2,3,1,14.5,5,557000
1419,4,3,44,1.2,1,8,0,37.2,10,742000
2074,4,2,49,0.12,1,4,0,25.1,7,592000
1756,3,2,63,1.16,3,8,0,20.4,8,624000
2739,1,2,94,0.99,2,3,0,8.0,8,699000
4753,4,1,1,1.71,1,3,0,22.5,2,957000
3181,1,1,44,2.35,2,1,0,37.2,1,582000
1768,4,3,94,0.31,2,8,0,22.9,6,558000
2116,2,3,61,0.89,1,8,0,7.0,1,538000
1843,4,2,13,1.17,2,9,0,39.9,6,565000
1081,4,2,73,1.19,1,6,0,20.2,7,440000
3644,1,4,93,1.96,0,2,0,13.1,9,717000
1858,3,4,99,1.16,2,1,0,20.4,10,452000
3332,4,2,14,0.17,2,8,0,10.9,10,996000
4628,5,3,13,1.8,0,10,0,1.7,1,1057000
1808,5,3,30,2.22,2,4,0,35.6,7,678000
2029,3,2,28,1.33,1,7,1,17.4,4,530000
1835,4,1,26,1.49,0,10,0,30.2,9,518000
1075,3,1,84,0.49,1,4,0,38.9,4,186000
3540,3,3,8,0.63,1,1,0,25.5,2,708000
3089,2,3,19,0.66,1,8,0,27.8,1,586000
2039,4,3,98,1.13,3,10,1,37.8,7,848000
925,3,1,57,2.33,2,9,1,20.9,7,673000
4865,2,3,78,1.35,1,10,1,13.1,3,1125000
4668,4,3,87,0.56,1,9,1,36.9,5,1114000
2008,4,4,48,0.74,1,9,0,3.2,10,645000
4049,3,1,56,1.02,2,4,0,9.0,7,999000
1718,2,3,15,1.6,1,9,0,14.0,8,649000
4723,3,1,99,1.16,1,4,1,31.4,9,875000
2769,3,3,74,1.04,2,2,0,36.2,10,590000
3593,4,3,7,1.46,2,10,0,18.3,10,943000
1691,3,1,66,0.68,0,3,0,11.8,1,366000
2833,4,3,18,0.29,2,2,0,14.5,9,669000
2164,5,1,66,0.16,1,1,0,26.4,6,411000
928,3,3,35,0.7,0,6,0,6.7,6,283000
1814,6,2,88,0.32,2,4,0,22.1,7,513000
2599,3,3,59,0.91,2,7,0,23.7,9,705000
2318,3,4,35,1.96,2,7,0,28.5,7,629000
4981,3,2,10,1.82,1,10,0,24.4,7,1126000
1998,2,2,50,1.57,2,1,0,4.3,3,449000
4673,2,2,79,2.15,1,9,0,27.7,10,781000
3274,3,2,54,0.78,2,8,1,1.4,9,1126000
4285,4,3,53,2.22,2,10,0,15.9,4,1283000
4849,5,3,16,1.06,0,1,0,17.0,6,1070000
4519,4,4,61,1.06,2,8,0,5.1,7,1280000
1102,2,4,41,1.07,2,5,0,0.9,9,494000
4752,4,2,23,0.34,1,1,1,3.3,10,1016000
1786,4,3,16,2.44,3,4,0,18.1,3,585000
2663,5,3,47,0.43,3,7,1,10.0,2,811000
3872,5,2,83,0.92,1,5,0,3.2,2,900000
3924,5,1,85,0.87,3,3,0,10.6,2,757000
2127,3,2,69,0.28,2,4,1,21.4,9,465000
3208,4,3,6,0.47,2,2,0,29.8,8,814000
4473,3,3,13,0.21,3,8,0,16.8,9,1004000
4091,6,3,10,0.8,2,2,1,24.7,9,1132000
4833,2,2,11,2.18,1,6,0,24.1,1,1282000
1503,1,4,4,0.91,3,7,0,35.9,10,737000
1374,2,2,4,0.4,1,7,0,7.6,10,563000
4032,4,3,19,1.65,1,1,1,19.3,9,948000
3432,3,1,53,2.49,1,8,1,25.5,1,797000
4628,3,1,54,0.66,3,9,0,21.0,5,875000
4030,6,3,57,0.77,3,7,1,18.3,4,921000
1288,5,4,78,2.43,1,8,0,39.0,8,529000
2147,3,2,89,0.53,3,4,0,37.7,5,453000
4481,3,1,96,1.33,1,8,0,24.7,9,742000
3973,5,2,29,0.68,3,3,1,17.9,1,893000
2467,5,1,23,2.34,2,1,1,30.3,8,674000
2437,4,2,86,2.46,0,8,0,20.8,6,423000
4914,4,3,72,2.06,0,6,0,39.8,1,894000
4353,3,4,2,0.86,1,9,1,27.6,2,687000
1800,5,1,99,1.07,1,3,1,3.2,4,387000
1650,4,3,47,0.68,2,8,0,16.4,5,489000
2188,4,2,70,2.24,1,9,0,29.3,1,576000
4512,2,1,21,2.29,3,9,1,33.8,10,1025000
2167,5,2,13,1.11,2,7,1,32.6,7,701000
1621,4,3,47,1.68,2,10,1,39.1,4,828000
1254,2,1,28,0.5,1,3,0,19.8,1,271000
2424,4,2,49,1.14,3,3,1,6.0,6,812000
3572,4,1,79,1.62,2,2,1,26.3,9,832000
4526,4,2,97,1.02,3,1,0,3.3,9,944000
3947,4,2,9,0.96,3,2,1,39.0,4,1036000
4889,4,4,70,0.1,1,5,1,30.5,7,927000
2990,5,3,88,2.03,0,1,0,39.3,10,590000
1716,2,4,26,2.23,3,10,0,15.4,1,611000
4786,2,2,78,2.43,3,4,0,1.1,10,672000
3675,2,2,95,1.83,2,10,0,21.1,9,895000
2240,4,2,27,1.42,1,10,0,5.3,1,896000
1535,4,1,8,0.75,2,1,0,27.3,9,377000
4368,5,3,70,2.5,1,10,1,20.2,6,884000
4138,4,2,79,1.52,1,8,0,30.3,10,964000
3815,4,2,25,1.73,2,5,1,12.0,7,940000
3689,6,3,98,1.74,1,10,0,33.3,4,1050000
1761,3,2,80,2.13,2,4,0,26.2,9,472000
3789,5,4,86,0.12,3,3,0,39.5,6,940000
4648,3,2,7,0.63,3,9,0,7.6,6,1216000
1826,4,3,1,1.7,3,6,0,2.5,10,916000
4665,4,2,94,2.25,3,1,0,34.1,6,759000
3663,4,4,56,1.74,1,8,1,13.9,4,913000
3301,2,2,51,1.09,3,10,1,17.5,7,944000
2747,3,3,57,0.97,3,2,1,37.1,2,644000
1977,4,1,95,1.87,3,9,1,17.9,2,552000
811,5,3,92,1.88,2,7,0,12.3,6,416000
4164,3,2,2,1.56,1,3,0,2.9,9,1197000
3822,5,2,7,0.8,0,4,0,18.0,3,938000
4171,3,4,58,2.32,1,3,1,26.4,7,755000
3630,4,4,1,1.42,3,6,0,11.1,9,1080000
842,4,2,94,2.0,2,9,0,28.9,9,540000
1743,4,3,61,0.61,3,10,0,19.4,3,556000
3190,6,1,48,0.93,2,9,0,34.4,1,826000
3345,4,3,100,2.2,2,1,0,6.9,2,721000
3211,4,3,19,0.22,0,10,0,30.4,8,634000
1804,1,2,28,1.33,1,6,0,37.3,7,454000
820,3,4,16,1.26,2,1,0,29.8,1,306000
1206,3,3,73,1.9,2,4,0,16.5,3,410000
1814,4,2,21,0.78,1,7,0,9.6,8,587000
2638,3,3,5,0.63,2,4,0,4.4,7,798000
3988,3,1,61,2.32,1,9,1,25.9,5,890000
1514,2,3,97,1.47,3,10,0,6.1,3,428000
4946,2,3,30,0.35,0,5,1,33.6,7,587000
4654,3,1,61,0.56,2,9,0,38.4,5,866000
940,5,3,11,2.5,1,1,0,5.9,1,438000
1763,4,3,11,0.57,2,4,0,15.4,5,584000
1172,4,3,62,1.57,2,7,0,37.5,3,373000
4435,4,2,15,1.11,2,2,0,19.1,2,1010000
3341,3,2,24,2.23,3,9,0,21.6,3,855000
4410,5,3,21,1.91,0,3,0,30.0,10,1096000
2492,2,2,90,1.53,0,4,0,8.8,4,575000
905,3,2,87,0.13,2,4,0,39.2,1,231000
2481,4,3,75,2.21,2,8,1,31.3,4,793000
4897,2,1,17,1.17,1,2,0,6.9,9,810000
4816,4,3,44,2.34,2,5,1,4.9,1,1054000
3436,3,3,79,1.29,0,2,1,37.4,7,815000
2937,4,3,67,1.77,1,6,1,27.6,8,744000
4216,3,2,11,0.27,2,9,0,2.0,9,827000
4330,2,2,48,1.89,3,9,0,6.1,7,1182000
2086,4,2,32,0.91,2,1,1,2.4,9,689000
3979,3,3,85,0.94,2,4,0,39.0,10,791000
4454,3,1,62,0.38,3,4,0,20.2,3,810000
3159,2,4,17,0.45,1,1,0,18.8,1,661000
1244,4,3,53,0.55,2,10,0,38.3,2,542000
835,4,4,96,0.89,3,2,1,20.4,10,417000
2275,3,2,26,2.24,1,6,1,21.0,1,715000
4757,6,2,82,0.98,1,10,1,39.4,2,1258000
2598,5,4,77,1.84,3,3,0,4.9,9,719000
2645,4,1,24,0.3,3,9,0,39.4,5,1019000
2208,4,1,33,1.52,1,3,0,7.0,4,723000
2508,3,2,87,1.26,0,3,0,19.2,2,427000
3738,4,4,59,2.45,1,9,0,13.8,3,1232000
2100,2,3,53,2.13,1,3,0,38.2,9,495000
2043,2,3,86,1.19,2,6,0,19.7,3,702000
4776,6,3,4,1.96,2,6,0,1.4,8,1170000
3897,4,2,35,0.56,3,1,1,9.3,1,889000
809,3,3,53,1.45,1,7,1,17.5,5,495000
3225,3,2,87,0.28,3,9,0,27.2,2,676000
2460,4,3,35,0.94,0,9,0,22.7,4,736000
3431,1,2,68,0.64,0,9,1,34.1,2,832000
1872,2,2,38,1.83,2,2,1,33.2,3,499000
4025,1,2,69,1.28,0,1,1,23.8,5,734000
2116,3,2,99,1.9,1,6,0,23.1,2,538000
4945,4,3,3,1.34,3,6,0,11.5,9,1008000
4483,2,2,73,0.31,1,4,0,38.3,8,811000
4073,4,2,64,1.86,2,8,0,3.5,5,1158000
945,3,2,84,2.1,1,5,0,16.2,1,303000
3840,4,3,39,2.27,0,7,1,26.6,5,1016000
2262,6,1,36,1.47,2,9,0,37.9,4,514000
2384,4,3,66,1.91,3,1,1,20.3,9,681000
1282,5,2,30,1.9,2,9,0,35.9,2,536000
3979,5,2,90,0.47,2,4,0,4.6,7,838000
2049,3,2,80,0.49,3,7,0,21.5,2,516000
1430,4,4,86,0.27,2,4,0,13.0,3,495000
1461,5,3,76,0.87,1,4,1,31.9,3,369000
4303,3,2,46,1.24,2,4,0,18.1,10,893000
3652,3,3,26,2.49,2,6,1,19.3,8,874000
3266,5,3,50,1.13,2,5,1,3.1,2,672000
1787,4,2,19,1.84,2,2,1,17.8,1,543000
2346,3,3,12,1.76,1,9,0,3.7,6,686000
1449,3,2,62,0.59,2,6,0,12.3,6,500000
1768,4,3,43,0.24,2,10,0,5.5,1,652000
3437,4,2,23,1.41,2,6,0,13.7,5,886000
1900,4,2,2,1.78,3,9,1,9.5,9,925000
1240,4,2,9,2.5,3,1,0,11.8,10,370000
1569,4,4,64,0.96,2,7,1,6.4,10,827000
2143,4,3,48,2.25,2,3,1,17.9,5,645000
4529,4,3,57,1.02,2,4,1,20.2,7,1096000
4706,4,1,76,1.75,2,1,0,33.5,6,712000
2377,4,2,77,1.54,3,3,0,21.8,10,508000
4808,3,2,96,0.23,2,7,0,9.5,4,1001000
4151,3,1,1,0.29,1,6,1,29.6,2,987000
3149,6,2,65,0.15,2,1,0,12.2,10,575000
4402,2,4,30,0.99,2,9,0,30.4,5,1116000
2041,3,3,67,1.89,2,4,0,15.8,10,680000
1925,3,2,97,0.51,2,7,0,20.8,9,582000
3401,5,3,82,1.55,1,4,0,20.4,3,729000
1990,2,4,36,0.79,0,7,0,38.2,3,546000
4931,3,3,72,2.01,1,5,1,6.6,7,1343000
872,2,3,23,2.02,2,1,0,37.6,10,358000
2714,4,4,76,1.96,0,4,1,22.7,2,720000
3272,3,3,43,1.36,3,3,0,39.8,8,805000
3846,3,1,93,0.78,1,6,0,23.1,7,591000
1507,3,2,82,2.04,3,6,1,26.4,8,441000
2604,5,4,40,0.55,1,1,0,30.1,10,653000
4513,3,2,73,0.8,0,2,1,33.0,6,608000
3364,2,1,50,0.54,2,2,1,19.4,5,440000
3275,4,2,41,1.72,1,10,0,27.3,4,1259000
4410,6,3,77,1.75,3,4,0,24.8,8,841000
3623,4,4,39,1.67,0,9,0,16.6,2,1015000
2535,6,2,47,1.1,2,2,1,32.9,6,670000
2385,5,2,83,0.34,3,8,0,8.1,10,981000
866,1,4,3,2.29,1,1,1,7.1,6,603000
3861,4,2,59,1.32,0,8,0,29.6,5,901000
3228,3,1,38,1.08,1,3,0,25.7,2,495000
4953,4,4,4,1.51,2,5,0,13.0,5,1410000
1141,3,2,95,0.56,1,1,0,25.6,3,166000
3574,3,2,5,0.42,2,1,1,30.9,7,922000
3617,5,3,13,1.07,3,6,0,9.1,7,840000
3461,3,1,69,0.65,3,3,0,23.5,8,664000
2032,5,4,77,0.69,0,8,0,33.1,10,821000
4674,1,2,11,2.24,1,4,0,16.7,9,1056000
3201,2,2,61,1.37,1,6,0,23.1,1,581000
2294,5,2,26,1.26,2,10,0,3.6,4,765000
1461,4,2,53,1.75,1,9,0,33.3,6,560000
4683,4,3,89,2.38,3,8,0,31.9,7,917000
4419,3,3,11,0.37,2,4,1,18.5,5,1093000
2668,4,4,7,2.1,1,10,0,5.2,6,805000
3134,4,2,73,1.5,2,8,0,26.6,1,490000
4174,4,3,15,0.45,1,7,0,23.1,5,925000
1816,3,2,51,0.81,1,5,1,36.8,2,424000
1007,6,3,25,1.26,1,7,0,11.6,2,524000
3465,4,3,7,1.76,1,7,1,1.8,1,915000
3293,5,2,44,0.68,2,10,0,10.6,10,1065000
1432,4,2,92,1.38,2,2,0,17.4,9,458000
2902,4,2,83,1.74,1,7,0,6.6,4,492000
3759,2,3,80,1.18,3,3,1,39.2,4,750000
3883,3,4,18,2.17,2,8,0,9.3,9,1005000
2731,5,2,16,2.19,0,8,0,27.3,5,736000
4519,3,1,64,1.23,1,9,0,18.4,4,689000
3362,2,1,28,2.44,2,4,0,22.4,7,415000
2479,3,3,13,0.28,3,10,0,37.3,5,938000
1036,3,2,16,0.11,2,3,0,21.5,8,402000
2340,5,2,12,1.01,3,9,0,12.6,3,823000
4743,5,2,92,1.54,2,9,1,9.2,8,1001000
1163,3,3,97,1.61,2,2,0,35.7,6,244000
3168,2,2,90,1.24,2,6,0,39.5,9,623000
1085,4,3,62,0.4,2,3,0,10.4,6,340000
948,4,2,32,0.51,1,5,1,29.0,4,444000
4837,6,2,28,2.15,3,2,1,20.5,2,1115000
2566,4,1,36,2.18,0,4,1,28.1,3,682000
1812,3,1,82,1.72,2,3,0,38.6,7,442000
3631,4,2,45,1.69,2,2,0,11.4,10,599000
3307,6,2,23,1.53,2,6,0,29.7,5,802000
2323,4,3,13,0.59,1,3,1,17.8,7,593000
3585,4,1,100,1.13,2,4,0,26.3,7,717000
3356,3,1,4,1.77,2,6,0,16.6,6,777000
4525,4,4,52,1.39,2,5,0,28.5,2,989000
2401,4,3,87,0.14,2,4,0,13.8,5,586000
3208,3,3,97,2.39,2,4,1,19.8,10,762000
1140,3,3,94,2.13,1,2,1,28.5,6,372000
3617,3,2,29,0.73,3,10,0,2.2,8,1063000
3296,3,3,59,1.58,3,4,0,13.5,1,760000
2525,1,2,72,2.32,1,8,0,22.1,10,723000
2489,3,2,90,0.33,1,5,0,3.4,7,628000
4067,4,2,27,1.31,1,10,0,28.3,5,924000
1061,1,2,25,1.19,2,10,1,32.6,7,495000
2242,3,2,17,1.08,3,8,0,7.0,3,767000
1205,5,2,35,2.11,2,6,1,29.5,4,500000
2990,4,2,7,1.01,3,10,1,26.0,2,900000
1043,4,1,17,0.25,1,5,1,16.7,6,451000
4907,3,1,83,0.26,2,4,0,7.0,5,1128000
1360,4,1,57,0.2,1,10,0,38.2,1,460000
4937,2,1,31,1.08,1,9,1,18.8,1,1237000
3525,5,2,92,1.82,2,10,1,7.8,8,1024000
1393,2,3,48,0.59,1,5,1,28.9,8,503000
2626,4,2,47,1.65,2,10,1,24.5,6,875000
4029,3,4,81,1.75,2,6,0,32.7,9,843000
4087,4,3,70,0.71,3,7,0,39.8,1,700000
4873,4,2,64,1.54,1,1,0,2.3,10,1056000
933,3,3,91,1.74,2,9,0,29.7,8,497000
3938,2,2,32,1.22,3,8,0,39.6,2,1062000
4719,4,1,49,0.91,3,5,0,21.8,8,1132000
872,6,4,3,1.59,2,3,0,28.8,3,445000
3778,5,1,83,2.45,2,5,0,17.9,6,695000
2785,2,4,35,1.12,2,5,0,14.6,7,789000
1592,3,3,94,1.04,2,9,1,28.0,3,530000
894,5,2,27,1.21,2,7,1,39.5,2,427000
1933,4,2,2,0.28,2,2,1,4.1,1,624000
1037,4,2,5,1.43,2,5,0,17.2,5,416000
3746,5,1,44,0.89,2,9,0,37.7,1,755000
3330,5,2,22,0.39,1,2,1,5.0,1,1068000
2760,4,3,6,1.22,2,8,0,26.2,5,698000
1848,3,2,60,0.11,1,3,0,17.5,3,432000
3329,3,2,99,1.06,1,4,0,15.4,10,796000
3764,4,2,64,0.35,0,2,0,8.8,3,768000
1763,3,4,5,0.16,1,9,0,7.5,7,767000
1336,3,2,23,2.08,3,6,0,20.9,3,584000
4479,3,2,36,2.3,2,9,0,15.4,2,1039000
4987,2,4,44,0.6,0,8,0,19.9,3,1228000
4524,4,2,50,1.39,2,9,1,8.2,4,1315000
1342,4,2,99,0.77,1,5,0,14.3,9,474000
1645,3,3,87,1.28,2,6,0,39.9,2,521000
4403,3,3,44,1.15,2,7,0,15.0,6,1147000
3836,5,2,62,0.75,3,5,1,16.8,5,856000
3294,1,2,28,1.78,0,1,0,1.3,6,617000
3519,4,3,100,0.4,2,9,0,15.5,5,854000
2684,5,2,95,0.23,3,2,0,30.7,6,569000
4938,3,4,24,1.94,3,7,1,20.9,4,1274000
4001,4,1,9,1.7,1,8,1,26.5,8,1254000
3510,5,2,34,1.3,2,8,0,22.5,9,882000
2753,3,1,54,1.22,0,1,1,4.7,10,620000
4650,4,3,24,1.29,2,10,0,13.6,7,1215000
1489,3,4,90,1.15,1,7,0,27.9,1,408000
2750,3,3,44,1.04,3,9,1,22.1,5,604000
1256,5,4,95,1.3,1,3,0,27.2,7,364000
2930,5,1,11,1.37,2,8,0,14.7,5,716000
4776,4,1,3,1.76,2,8,1,8.2,5,1420000
1979,2,3,89,1.81,3,9,0,33.3,5,522000
4365,2,4,66,1.01,2,8,0,15.4,5,969000
1682,4,3,16,1.09,1,5,0,26.4,5,557000
1199,2,3,72,1.0,1,5,0,15.6,1,372000
1408,4,2,92,1.39,1,3,0,37.1,6,349000
2438,4,2,64,1.19,2,6,0,39.7,6,635000
2948,4,4,81,2.24,2,10,0,26.1,8,743000
2182,4,2,52,1.77,2,3,1,24.3,5,579000
2203,3,2,83,2.26,0,2,0,33.7,2,318000
1619,3,3,56,1.8,2,7,0,20.9,7,619000
4092,3,2,97,2.43,2,10,0,34.8,1,767000
1619,4,3,27,1.63,3,3,0,16.8,5,688000
1219,4,1,98,2.41,2,4,0,1.8,5,292000
4102,4,3,15,0.48,1,10,0,37.1,3,1235000
2308,4,3,20,0.23,1,8,1,29.0,2,704000
1567,6,3,76,1.49,1,1,0,20.7,4,391000
2844,3,2,98,2.46,2,9,0,37.8,7,772000
2939,2,2,41,1.1,2,6,0,35.5,10,892000
3829,3,2,53,0.61,1,2,0,4.8,3,941000
2349,4,2,31,1.35,1,3,0,25.2,6,591000
2564,3,3,37,1.66,0,5,0,21.8,7,463000
3445,5,2,69,0.86,3,6,1,31.2,2,787000
4516,4,1,37,1.82,1,9,1,12.4,3,973000
3093,5,1,53,2.44,1,2,1,0.8,9,874000
3508,5,3,59,2.25,1,5,1,7.8,1,797000
1700,2,1,76,0.8,2,7,0,8.8,8,430000
3884,3,4,76,0.88,2,7,0,12.0,1,780000
2809,4,3,46,0.99,3,4,0,15.1,3,852000
1041,3,3,11,1.05,1,3,0,28.4,6,422000
3185,3,3,52,0.34,2,8,1,3.4,8,1019000
1471,4,1,32,1.93,1,2,0,19.7,7,428000
963,3,3,27,0.98,3,5,1,20.2,3,580000
1264,4,2,2,2.21,1,10,1,24.8,6,590000
3842,4,4,81,2.32,0,5,1,12.8,1,744000
3242,2,4,25,0.16,2,1,1,10.8,8,942000
3155,3,1,53,2.47,1,7,0,19.6,9,957000
3357,3,2,39,1.8,0,4,0,26.6,9,536000
1345,4,2,65,1.35,2,10,0,2.3,4,667000
4635,2,3,67,1.03,2,2,1,12.1,4,728000
1393,5,2,91,1.34,2,8,0,31.6,7,573000
4604,3,2,91,0.88,2,4,0,19.6,7,1013000
2259,2,2,88,1.59,2,1,0,38.1,6,530000
4293,3,2,89,0.32,2,8,0,34.8,7,1087000
3401,3,4,46,1.59,2,7,0,14.1,1,865000
3244,3,3,1,0.76,2,3,1,29.2,9,813000
3472,4,2,41,0.14,1,3,0,11.3,6,734000
5000,4,1,33,1.43,1,7,0,7.4,8,1083000
816,2,2,93,1.49,2,2,0,35.3,5,209000
3991,2,2,20,1.12,2,5,0,14.3,7,888000
1192,4,3,100,0.27,2,7,0,8.5,3,479000
1224,4,2,43,2.24,1,6,0,38.6,10,406000
1371,3,2,86,1.57,1,10,0,1.7,1,570000
4431,5,4,96,0.38,1,7,0,15.0,7,941000
1920,3,4,1,1.33,1,2,1,2.0,5,508000
1041,4,2,90,1.29,2,7,1,20.4,1,446000
4697,3,1,58,0.24,2,2,0,16.3,9,680000
4895,2,2,85,1.56,2,7,0,29.0,9,1009000
3079,5,3,97,2.04,2,8,0,38.2,6,997000
1588,3,4,15,1.9,3,10,0,21.0,9,719000
1514,4,1,19,0.59,3,8,0,11.8,7,592000
3649,3,1,25,2.17,2,5,0,35.0,8,950000
1575,4,4,15,0.92,3,7,1,24.4,2,720000
4826,5,3,69,2.37,2,8,0,22.4,2,1163000
3047,1,4,22,0.27,3,4,1,7.9,4,742000
878,5,2,41,1.27,3,2,0,2.1,1,422000
4726,4,2,36,1.53,3,7,0,18.7,8,1014000
1655,4,2,71,0.69,2,1,0,21.4,5,417000
2948,4,1,5,1.95,2,2,1,5.5,7,796000
1831,5,3,36,1.6,2,10,0,2.8,2,800000
4071,1,2,21,0.14,1,7,1,9.0,5,1051000
4376,3,1,5,1.56,1,10,0,3.0,9,1193000
4982,5,4,31,1.28,3,1,0,2.7,9,994000
4256,4,2,16,0.57,0,7,0,18.0,2,701000
4306,1,3,37,2.49,2,5,0,32.5,2,743000
1207,4,2,16,2.25,1,3,0,26.7,5,390000
3511,4,3,36,0.8,1,2,0,27.3,3,1024000
3888,3,1,22,1.4,3,7,0,10.9,1,1000000
2468,3,3,48,0.86,3,9,0,0.9,1,767000
947,4,1,60,1.96,2,9,1,18.3,5,481000
4697,3,2,48,2.33,1,10,0,15.4,3,1211000
2750,4,3,60,0.96,2,10,0,37.9,9,763000
1165,5,2,76,2.03,2,8,1,3.3,3,589000
2474,3,2,31,1.3,1,2,0,31.2,3,579000
3346,3,4,85,1.05,1,1,0,15.7,3,664000
1362,3,4,62,2.35,2,8,1,33.3,1,556000
4362,3,1,6,1.32,1,2,0,20.0,3,725000
3289,4,2,21,1.22,2,4,1,32.9,5,810000
1572,3,1,84,1.71,1,4,0,18.9,8,492000
2837,4,2,5,0.73,2,2,0,16.4,7,798000
4223,3,4,60,0.88,0,4,0,38.6,4,825000
3367,3,3,13,2.34,3,7,0,15.1,4,1050000
2373,1,2,15,1.73,2,6,0,32.3,4,522000
4494,1,4,2,2.08,0,10,0,3.1,8,1125000
4091,3,3,8,0.75,2,6,0,3.0,8,1017000
2046,3,3,46,1.41,3,4,0,17.8,2,482000
4519,5,2,84,2.43,2,2,0,23.6,7,972000
4639,4,2,93,0.86,2,5,0,24.5,5,974000
1159,3,3,93,0.49,1,3,0,1.9,2,313000
3176,3,1,41,1.33,2,3,0,28.0,3,674000
3809,3,2,41,1.03,2,4,0,5.6,7,787000
3793,3,2,95,0.48,2,5,0,38.2,6,647000
1762,3,1,22,2.23,3,2,0,13.7,6,446000
4432,3,2,2,2.48,1,6,0,10.8,7,1035000
2627,3,3,0,1.46,1,6,0,12.0,6,705000
2413,2,2,66,1.96,3,8,0,37.5,2,547000
2440,1,2,100,2.16,2,2,0,19.6,8,521000
3016,2,3,70,1.78,0,8,0,17.7,7,694000
1177,4,1,2,0.21,1,8,0,22.9,6,402000
1169,3,2,99,0.48,3,4,1,37.3,5,318000
2996,3,3,48,0.27,0,7,0,12.7,6,701000
4547,4,2,66,0.12,0,7,0,7.6,3,745000
1451,5,3,54,0.83,1,1,0,24.0,2,383000
1569,5,3,3,1.04,3,1,1,19.9,9,639000
3221,4,1,30,0.68,3,8,1,2.9,1,754000
1580,1,1,65,0.26,2,1,0,21.1,2,313000
2516,4,4,77,1.37,2,3,0,22.7,10,794000
4783,4,2,100,0.76,1,6,0,27.9,10,920000
2111,1,3,63,2.01,1,8,1,39.8,1,545000
4159,4,3,30,0.12,3,5,0,17.2,8,927000
1322,5,2,62,2.12,1,5,0,20.7,4,421000
1321,3,1,65,2.39,2,4,1,3.5,6,439000
3120,1,2,30,1.82,2,4,0,33.3,5,708000
1735,1,2,46,1.86,1,7,0,4.4,8,521000
3030,3,3,21,2.34,2,6,1,37.4,10,539000
4840,2,4,73,0.6,2,8,1,14.3,7,1417000
4497,4,3,93,2.49,2,6,0,13.8,1,1169000
3637,4,2,96,1.96,1,10,1,13.5,8,944000
4883,2,4,82,1.84,1,7,1,38.0,4,800000
3261,5,3,45,0.97,2,10,1,39.2,7,1234000
4043,3,4,88,1.41,3,10,0,38.9,3,991000
4159,2,2,57,1.67,1,5,0,28.3,2,753000
1485,4,3,60,1.59,3,6,0,4.9,1,669000
2960,4,3,45,1.79,2,1,1,15.8,10,662000
4788,4,2,0,0.3,3,3,0,11.9,5,715000
4866,5,4,95,0.95,0,8,0,28.5,3,860000
2367,4,1,24,1.14,1,3,0,20.0,3,619000
838,5,2,60,0.73,0,1,0,24.9,8,366000
3344,3,4,80,0.51,1,3,0,0.8,1,594000
2056,4,1,13,0.43,3,4,0,31.4,2,449000
3790,6,4,44,0.98,1,8,1,38.1,1,915000
2996,4,3,76,1.28,2,9,0,26.9,7,789000
4268,2,1,38,0.25,0,4,0,34.2,4,952000
3508,4,2,65,2.37,2,7,1,19.4,3,904000
1101,4,3,31,1.94,1,1,0,1.3,3,552000
1446,2,3,95,1.85,1,9,0,39.6,10,598000
2559,6,4,57,0.51,1,4,1,2.8,3,800000
1397,2,4,55,1.55,2,9,0,8.1,2,443000
1461,2,2,5,1.37,1,3,0,2.6,5,473000
2168,5,1,88,2.46,1,5,1,25.2,1,557000
3381,3,4,66,1.89,0,1,0,23.5,5,402000
4668,2,2,81,1.48,3,3,0,8.8,10,864000
4337,4,1,49,2.14,2,5,0,38.3,8,880000
1082,4,3,37,0.47,2,6,0,36.6,7,404000
4478,2,4,2,0.14,2,8,0,11.6,3,1382000
2286,6,3,4,1.76,1,1,0,26.5,9,722000
4882,4,2,23,0.34,2,3,0,34.3,10,968000
4983,4,3,53,0.38,1,1,0,14.7,7,677000
1260,4,3,33,1.89,2,5,1,10.5,1,502000
3125,4,4,38,0.75,2,8,0,10.6,6,1082000
4554,3,4,87,1.61,2,4,0,32.9,4,800000
3268,3,2,99,2.3,1,9,0,18.8,6,727000
2524,4,3,91,0.86,0,6,1,28.8,3,459000
2176,5,4,47,0.62,2,6,1,26.2,5,704000
3543,1,2,48,0.36,2,5,1,12.6,3,807000
1314,4,1,33,0.41,0,10,0,8.7,7,558000
1502,5,4,79,0.25,1,5,0,5.5,5,398000
2453,2,2,99,0.31,3,7,0,1.4,4,647000
2866,1,1,6,1.14,2,8,0,3.7,10,791000
822,3,2,17,0.87,3,7,1,10.6,7,583000
3260,4,2,69,1.8,1,1,0,28.7,7,724000
2104,2,2,91,2.19,2,1,0,6.6,10,554000
4100,3,2,33,1.98,1,10,1,21.2,9,1178000
1161,4,4,50,1.37,2,6,0,10.2,3,563000
4527,4,3,92,0.35,1,3,1,20.7,10,1024000
2084,3,3,67,1.8,1,9,0,30.1,8,740000
1314,3,1,13,0.97,0,7,1,11.0,7,649000
1248,4,3,68,0.31,2,2,1,14.2,9,486000
2655,5,3,88,2.12,2,3,0,29.1,2,661000
4362,5,3,7,0.91,2,8,0,22.1,6,1110000
3320,4,2,14,0.62,3,1,0,4.2,5,863000
3881,3,2,82,2.19,2,5,0,30.4,3,726000
2228,3,3,58,2.27,2,10,1,11.5,7,594000
4767,2,3,10,0.91,3,1,0,15.7,5,1194000
1722,2,3,19,0.95,2,9,0,10.2,6,687000
3937,4,3,54,1.49,1,7,1,22.0,4,949000
2959,3,2,35,1.86,3,5,0,28.5,7,874000
3347,3,3,81,0.25,0,6,0,32.2,7,602000
3779,6,1,13,1.52,2,3,1,36.9,5,865000
3081,2,3,57,2.39,1,3,0,14.7,7,651000
3449,2,4,37,0.73,2,7,0,37.3,7,806000
1113,2,3,88,2.28,2,7,0,24.9,10,455000
3413,4,2,79,2.38,1,7,1,15.9,8,796000
3883,4,2,81,0.75,2,2,0,35.5,1,701000
3056,3,3,0,1.91,2,2,0,23.4,4,543000
1837,4,4,64,0.67,1,5,0,18.4,1,584000
4289,4,3,0,1.87,1,4,0,1.0,3,895000
3434,5,2,84,2.01,1,7,0,28.8,8,860000
4783,6,2,59,0.69,3,3,1,3.6,7,1154000
2578,5,3,24,1.82,2,5,0,11.9,3,713000
4695,4,3,90,2.05,3,2,0,38.5,4,936000
1924,2,4,9,0.96,1,1,0,6.6,2,432000
1497,2,2,49,0.5,0,9,0,12.8,2,423000
2979,2,3,11,0.32,1,4,0,37.3,5,636000
2204,4,2,91,1.48,1,8,0,13.8,2,604000
1843,5,3,31,2.45,2,7,0,13.5,7,685000
2729,4,3,32,2.08,3,1,1,26.1,1,670000
1813,2,2,71,1.15,1,10,0,5.7,9,701000
1026,4,2,25,1.39,3,7,0,38.9,10,578000
2628,5,3,41,0.77,0,2,0,11.4,1,767000
2823,4,3,49,0.49,3,3,0,31.5,1,533000
3252,5,1,60,1.26,1,1,0,11.9,9,558000
2885,5,2,40,1.21,3,7,0,11.4,7,1076000
1880,5,3,56,1.35,0,3,1,2.8,10,642000
3120,4,4,1,2.39,3,6,0,5.2,4,1143000
3990,4,2,98,1.55,1,7,0,21.1,3,680000
3430,3,3,97,1.55,1,3,0,23.3,5,611000
3363,2,1,69,0.41,2,2,1,32.7,2,610000
4092,4,2,30,2.49,1,9,0,2.9,6,1053000
4386,2,2,22,1.95,2,9,0,14.6,6,1052000
3747,6,4,75,2.21,3,7,0,8.4,1,720000
4759,3,2,53,1.09,2,5,1,14.6,10,1045000
3613,5,3,27,1.31,2,4,0,14.5,9,964000
3383,3,2,78,1.35,0,4,0,14.5,1,595000
961,3,4,18,0.57,2,1,0,12.7,6,475000
1393,5,3,75,1.75,2,4,1,30.7,7,588000
4059,3,3,47,2.27,3,7,0,27.7,8,1034000
4955,3,4,1,0.49,1,5,1,14.0,2,970000
3762,2,3,10,0.31,2,9,1,6.3,8,1092000
4688,4,3,43,1.87,1,4,0,21.0,10,1104000
4190,3,2,100,0.76,1,3,0,36.8,2,678000
1463,4,1,58,1.6,1,6,0,5.4,2,413000
1932,4,3,58,1.77,1,4,0,30.2,9,631000
1341,4,2,37,0.87,1,2,0,24.2,7,435000
3774,4,2,24,2.06,0,5,0,23.7,8,822000
1667,4,2,20,1.42,3,4,0,37.4,1,515000
2866,3,2,41,2.19,0,5,0,38.3,10,597000
1231,5,3,35,1.93,3,9,1,10.1,6,509000
2006,3,1,8,2.18,1,4,0,32.4,1,400000
3328,4,4,11,0.15,0,6,0,25.0,5,829000
1969,3,4,9,0.68,2,4,0,16.6,2,567000
1630,5,4,58,0.32,2,1,0,26.8,9,509000
2451,3,2,4,1.16,2,2,0,38.3,3,646000
1936,3,2,32,2.24,2,6,0,20.9,10,708000
3610,4,4,68,1.22,1,8,1,37.6,7,800000
1275,4,4,79,2.14,2,9,0,25.9,2,558000
3610,2,3,62,0.89,2,4,0,19.6,10,759000
2126,4,2,100,0.91,1,6,1,25.9,4,494000
1819,4,3,100,2.25,3,3,0,24.3,10,633000
2636,6,3,28,1.12,2,9,0,17.2,3,882000
3248,4,2,17,2.0,1,8,0,22.7,1,770000
2083,3,3,92,0.67,3,1,0,28.3,10,428000
1459,3,3,5,2.38,3,2,1,33.6,6,707000
2810,5,3,52,1.48,2,10,0,12.5,5,842000
1198,5,2,81,1.92,1,9,0,1.1,6,450000
2533,3,3,31,0.31,3,10,0,22.3,1,689000
2925,3,4,41,1.28,1,3,0,19.8,8,528000
2971,4,3,46,2.26,0,3,1,2.6,4,456000
874,3,3,30,2.2,1,10,0,25.5,7,630000
4271,3,3,61,0.21,2,9,0,37.7,8,820000
1636,2,3,55,0.83,3,3,1,16.4,3,409000
1299,3,3,10,1.16,2,10,0,35.8,4,538000
937,3,2,25,0.51,3,5,0,32.6,9,430000
2897,4,2,91,1.85,0,6,1,6.9,9,674000
4496,3,2,26,0.54,0,3,0,31.6,7,737000
2685,3,1,82,0.93,2,10,0,20.9,3,657000
3557,3,2,56,1.69,3,8,0,36.8,4,807000
4720,3,2,26,1.26,2,2,0,8.0,7,1236000
2700,2,4,58,1.87,0,6,0,5.4,6,665000
3410,3,2,61,2.41,1,2,1,10.0,6,767000
4786,4,1,19,0.38,1,9,0,2.9,4,923000
2249,1,1,2,1.8,1,6,0,13.1,10,759000
1346,1,3,15,0.65,0,9,0,11.7,8,701000
2803,2,1,43,1.09,3,4,1,16.9,9,729000
2896,4,2,92,0.18,2,3,0,18.8,10,565000
1503,5,1,78,0.43,2,2,1,6.2,7,466000
3203,1,3,29,0.87,0,8,0,25.0,8,834000
2425,5,4,39,0.92,0,4,0,9.3,10,1002000
4131,2,4,64,2.26,2,2,1,5.3,2,871000
3778,5,2,28,1.88,3,9,0,28.5,4,934000
3639,3,3,29,2.43,2,8,0,1.4,3,800000
4184,4,3,31,1.54,3,5,0,15.1,6,957000
3459,4,2,9,0.68,3,8,0,6.2,2,860000
2661,3,2,90,0.89,0,5,1,35.4,7,611000
3656,5,1,50,0.87,1,7,0,33.1,8,790000
1485,4,3,7,0.88,2,5,1,2.9,4,536000
2419,3,2,50,1.72,2,5,1,22.2,8,589000
2231,2,2,35,1.37,1,4,0,12.2,8,566000
1675,2,2,54,1.03,2,5,0,8.1,3,540000
3261,5,3,34,0.46,2,7,0,12.8,1,833000
2165,4,3,35,0.15,3,3,1,32.7,3,628000
2043,3,3,55,0.63,1,4,1,2.8,10,639000
962,4,3,35,0.36,1,8,0,26.1,1,440000
2774,5,2,88,1.99,2,6,0,36.6,2,593000
4091,4,1,83,0.37,2,8,0,18.2,8,770000
1069,4,2,60,1.84,2,2,0,36.1,4,291000
1431,4,4,61,1.03,3,9,1,36.3,9,569000
1705,3,4,80,0.28,2,7,0,24.6,7,630000
4271,3,3,86,2.05,2,5,1,18.5,3,1045000
4053,5,2,24,1.49,1,7,0,29.6,1,840000
2814,3,1,63,0.67,2,2,1,36.7,1,543000
2441,5,2,59,2.25,2,4,0,27.4,1,658000
1004,2,4,56,0.21,3,7,1,8.8,10,520000
1381,2,3,94,0.58,3,2,1,32.9,3,336000
1640,5,4,69,1.9,2,8,0,38.1,5,504000
2519,4,3,98,1.8,2,10,1,16.7,8,688000
3443,3,1,51,0.79,0,10,0,28.1,8,883000
3097,4,1,55,0.25,0,5,1,21.0,2,644000
1674,4,1,62,2.16,1,5,1,4.9,9,601000
1489,4,3,67,0.85,0,8,0,14.3,9,632000
4800,2,2,19,0.57,2,1,0,7.0,7,893000
3941,5,3,53,1.34,1,6,1,27.1,10,1071000
2222,5,3,0,2.28,2,2,0,23.5,5,595000
1471,2,2,89,0.2,2,1,0,1.8,5,309000
1971,5,2,97,1.94,2,7,1,2.9,8,604000
4526,5,1,9,1.47,2,4,0,10.8,8,919000
1743,4,3,22,1.12,1,1,1,29.9,5,643000
2249,4,2,50,1.89,3,10,0,5.5,6,642000
4537,3,2,23,2.42,0,6,0,8.6,6,910000
3339,3,4,12,0.65,3,10,0,36.4,6,651000
4759,4,3,28,0.44,1,6,0,22.1,5,927000
3161,5,2,57,2.29,2,3,1,25.0,9,790000
4452,4,3,90,1.71,1,6,0,18.5,1,983000
4470,4,3,94,1.15,0,10,0,12.3,10,933000
2553,2,3,42,1.48,2,9,0,10.3,3,614000
3152,2,2,9,1.89,2,6,1,23.8,7,803000
2738,3,2,30,1.96,1,1,1,19.1,9,724000
1170,1,3,73,2.31,2,10,1,16.4,2,599000
2731,4,2,87,1.12,1,6,0,27.9,4,535000
1224,3,3,96,0.8,1,8,0,16.5,8,387000
1694,4,4,13,1.64,3,7,1,2.0,5,730000
1397,3,4,98,1.1,3,8,1,33.7,8,587000
3862,4,2,33,1.53,2,8,0,13.1,2,1041000
3136,4,2,16,1.11,1,9,0,37.9,8,710000
2487,1,2,20,0.47,1,3,0,35.2,6,479000
1372,2,3,95,1.23,3,7,0,9.7,5,332000
2890,3,2,66,1.76,1,6,0,38.6,2,422000
4469,5,2,57,2.02,3,2,0,34.2,7,773000
2433,2,1,78,1.28,1,5,1,39.4,1,411000
2317,4,2,7,0.5,3,3,0,27.3,6,596000
3457,6,1,95,1.1,1,5,0,37.3,3,679000
4448,4,2,37,1.99,1,9,0,27.8,6,1018000
4388,3,3,25,1.09,2,8,0,34.3,1,1000000
2337,5,1,63,1.77,3,9,0,24.6,1,761000
3937,2,1,29,1.32,3,9,1,37.2,2,961000
897,3,3,8,0.68,2,8,0,21.0,10,549000
4015,5,3,31,2.01,2,8,1,29.6,7,1135000
4550,4,2,10,0.3,2,6,0,36.7,4,690000
3957,3,1,85,1.36,2,6,1,17.2,4,805000
1143,3,3,33,0.6,3,6,0,1.5,4,578000
1410,3,2,17,0.26,2,10,0,5.0,5,605000
2527,4,1,18,1.31,2,6,0,38.9,2,655000
3090,3,2,53,1.3,2,9,1,35.0,7,803000
2654,6,1,81,1.8,2,10,0,19.6,3,798000
3408,5,3,36,1.89,3,1,0,38.5,3,846000
2879,5,4,81,1.85,1,10,0,7.8,2,548000
3124,3,3,11,1.08,1,6,0,4.9,6,752000
1977,4,2,3,1.62,2,8,0,24.3,4,482000
1891,5,2,42,1.48,1,1,0,15.6,4,196000
3591,5,3,26,1.11,2,6,1,13.9,8,1066000
2549,3,2,50,1.53,3,9,1,29.5,2,833000
3475,2,2,4,2.37,2,6,0,6.4,7,863000
1581,2,3,5,0.56,3,2,0,31.2,2,411000
3848,4,4,76,2.27,1,1,0,14.7,6,776000
2905,4,2,86,0.23,3,4,0,39.5,5,837000
4667,5,3,55,0.84,2,6,0,32.4,8,854000
2913,3,2,88,0.79,0,10,1,26.0,6,568000
4770,2,2,67,1.6,2,10,1,9.6,7,1225000
2791,3,1,95,0.41,3,9,1,38.3,6,749000
1867,3,3,43,2.22,0,5,0,1.8,8,649000
2377,2,3,14,2.09,2,7,0,9.3,2,738000
1811,4,3,89,1.66,3,6,1,2.0,7,628000
3074,4,2,41,1.2,0,6,0,38.7,5,526000
2614,4,1,10,2.34,2,9,0,34.9,9,1058000
3226,3,3,72,2.09,2,5,0,38.1,9,977000
3351,3,2,10,1.3,1,2,1,28.7,8,730000
4457,3,2,65,1.78,2,8,1,1.6,8,1316000
807,5,4,26,1.46,0,3,0,37.3,4,375000
3355,1,3,57,1.51,2,9,1,17.1,8,664000
1275,5,2,89,0.89,0,5,1,15.0,2,284000
3011,3,1,71,1.21,1,1,0,11.7,5,633000
1284,5,1,20,0.29,2,4,0,11.8,4,552000
3085,5,3,20,0.96,1,9,0,32.1,5,882000
4325,3,3,71,1.77,1,1,0,10.6,5,856000
4139,4,3,0,2.39,3,8,1,9.3,5,1015000
3622,2,2,57,2.41,3,8,1,28.1,7,780000
3724,5,1,12,1.43,3,9,0,11.9,1,1081000
1058,3,4,72,1.56,2,9,1,1.0,2,565000
1082,3,4,91,0.55,3,6,0,37.3,7,400000
2698,4,2,5,1.77,3,5,0,12.9,1,902000
4935,5,1,86,0.27,2,7,1,30.7,9,1283000
3776,3,2,99,0.78,1,9,0,19.0,3,841000
3067,4,4,57,1.7,0,5,0,5.8,6,657000
4000,3,3,16,0.84,2,3,0,26.6,4,860000
1412,3,3,72,0.22,3,9,0,9.6,3,497000
1487,4,1,11,2.1,2,10,0,11.9,8,691000
4490,3,1,85,0.84,2,1,0,1.8,2,633000
1412,3,1,51,0.25,1,1,0,1.1,3,393000
3107,5,4,75,0.28,1,10,0,20.8,8,771000
3813,2,2,69,0.7,2,4,0,2.8,3,948000
2581,4,3,72,0.53,3,2,0,8.8,8,630000
3391,3,1,51,1.96,1,7,0,37.0,7,712000
3496,1,4,36,0.87,3,2,1,3.8,2,728000
4758,2,3,2,2.03,1,7,0,12.0,1,958000
1374,4,2,97,0.52,2,8,1,29.2,1,442000
2710,4,4,7,1.28,2,8,0,35.4,2,777000
4404,1,2,9,1.75,3,3,0,2.3,7,1126000
1469,1,2,46,1.66,0,9,1,7.8,9,531000
2083,5,2,40,1.54,1,10,0,15.8,7,752000
1723,2,4,63,2.32,1,10,0,14.8,3,731000
1925,5,4,41,0.65,3,10,0,11.9,8,945000
2329,3,2,42,1.28,1,6,0,10.1,8,592000
2394,4,3,8,2.22,0,4,0,11.1,9,694000
1046,3,3,13,0.29,2,8,0,5.8,9,535000
4511,5,3,100,0.23,2,4,0,7.0,9,805000
2360,4,2,90,0.66,3,4,0,24.5,4,589000
3200,3,2,95,1.62,3,8,0,12.0,10,692000
3043,2,3,3,0.72,2,4,0,16.3,4,994000
4664,4,1,1,0.56,3,1,1,16.8,2,1000000
2739,4,2,96,1.2,2,6,1,4.8,8,714000
3869,1,3,84,1.57,1,8,0,32.9,2,997000
1026,1,2,0,0.7,3,3,1,38.3,3,328000
4347,5,4,74,0.82,2,2,0,10.9,9,821000
1064,3,1,64,1.57,2,6,0,12.1,2,318000
2195,4,4,45,2.37,2,1,0,27.9,1,545000
4357,3,2,58,1.72,2,5,1,3.7,5,891000
1445,5,1,74,1.98,1,6,0,36.3,7,364000
3790,5,2,6,0.98,2,8,1,5.3,4,850000
2699,6,3,65,0.75,3,7,1,29.4,4,804000
3304,2,3,14,1.19,2,6,0,12.0,3,905000
3572,5,2,71,2.04,1,2,0,13.3,6,598000
1954,3,2,46,1.2,3,8,1,6.1,8,716000
1387,4,3,89,2.13,0,8,0,26.0,2,409000
2621,4,2,39,2.47,1,5,1,31.9,6,649000
1785,1,3,41,0.27,1,3,1,38.0,8,581000
4879,5,1,50,0.21,0,8,0,13.6,1,943000
4148,2,3,34,0.46,2,5,0,25.0,4,887000
4631,4,3,40,1.02,2,3,0,16.9,1,1016000
2041,4,4,84,0.41,3,9,1,22.5,4,681000
989,4,3,56,2.19,3,9,0,6.9,9,629000
1780,2,2,37,0.16,3,7,0,23.5,6,634000
2498,3,1,71,0.86,2,8,0,34.0,6,558000
2515,5,3,95,0.54,2,5,1,34.6,5,566000
3393,3,2,7,2.34,3,5,0,19.6,3,740000
4936,3,4,73,1.71,2,5,1,9.8,2,1270000
1898,3,3,62,2.29,2,2,0,33.5,9,572000
3126,3,2,86,2.43,2,3,0,40.0,9,691000
4047,5,2,3,1.29,1,8,1,15.4,7,1321000
1695,3,2,47,0.66,2,6,0,37.0,2,371000
2474,4,2,51,0.56,2,9,0,39.3,4,645000
3709,3,1,37,0.64,2,7,1,16.1,8,709000
1730,3,3,93,1.8,1,6,0,28.8,10,407000
1523,1,2,86,0.2,2,4,0,23.5,6,413000
3740,3,2,4,0.22,3,7,0,29.0,5,1133000
1889,3,1,84,1.56,3,4,0,6.6,10,526000
1735,4,2,69,1.64,1,7,1,15.0,2,517000
3095,3,1,80,1.7,1,5,0,3.0,1,597000
955,3,3,88,0.99,2,2,0,24.7,1,309000
1870,3,2,23,2.03,2,7,0,37.1,1,518000
2758,3,3,85,1.38,0,8,0,22.6,6,822000
3301,5,3,76,0.35,1,10,0,3.3,4,841000
4630,4,4,16,2.01,3,2,0,37.2,9,975000
1654,1,1,77,2.39,2,6,1,5.8,9,601000
1439,1,2,97,0.24,2,4,1,35.4,3,400000
3038,6,2,89,1.04,2,5,1,28.7,6,744000
2402,3,2,82,1.27,2,1,0,25.6,6,475000
1241,5,4,25,0.45,1,6,0,23.7,10,610000
2136,2,3,2,2.18,2,8,1,5.7,10,831000
4500,5,3,1,0.78,0,2,0,20.3,1,741000
1748,5,2,91,1.98,2,1,1,8.3,9,528000
4173,4,3,1,1.71,1,9,1,23.1,4,1226000
1259,1,1,21,1.54,2,2,0,18.2,6,429000
1192,3,3,70,0.56,2,8,0,27.3,10,404000
4738,3,3,3,0.63,1,5,0,39.3,8,1127000
2587,3,2,37,0.21,0,2,0,14.8,1,532000
3057,3,2,83,0.68,1,5,1,24.9,8,697000
1938,1,3,69,0.93,2,9,1,34.6,6,699000
4608,4,1,72,2.1,0,6,1,4.2,1,1067000
3254,4,1,51,0.98,1,3,0,32.1,9,772000
2266,3,2,30,1.91,2,8,1,10.0,9,595000
4474,1,2,25,1.15,2,1,1,21.8,10,1030000
2177,6,3,35,1.98,1,9,1,39.7,8,745000
3397,3,3,25,2.44,2,9,1,39.4,7,1010000
941,4,3,27,0.68,3,4,0,13.0,1,370000
3459,3,2,4,2.17,3,8,0,5.7,1,1077000
1639,1,3,73,1.59,1,3,0,37.6,8,463000
4418,3,4,17,2.06,3,6,0,35.8,10,1081000
4717,3,2,14,1.66,2,10,0,24.8,8,859000
1395,5,2,56,1.12,3,10,0,1.8,1,654000
2704,4,4,96,0.65,2,8,0,30.2,8,722000
1080,3,1,4,0.27,2,9,0,6.9,8,410000
1223,6,2,36,1.39,2,8,1,37.7,10,625000
2550,3,1,85,2.48,2,9,0,17.7,10,829000
2767,6,1,85,1.87,2,4,0,24.8,3,408000
4888,6,1,21,0.89,1,10,0,11.6,1,1110000
4978,2,2,51,2.09,1,1,0,19.3,3,919000
3746,3,3,14,1.95,2,7,0,30.3,8,997000
2249,3,2,16,0.78,3,10,0,19.9,8,760000
3131,4,3,50,0.13,2,4,0,34.0,7,716000
3020,4,2,44,0.38,2,1,1,28.7,2,601000
4589,6,4,62,2.21,2,3,0,3.6,5,992000
3610,4,4,27,2.11,1,7,1,24.5,10,1082000
2331,3,3,58,0.81,1,3,1,24.7,8,827000
3790,2,4,85,0.78,2,1,1,15.5,3,728000
1943,4,3,20,2.0,3,7,0,13.2,6,664000
1733,2,4,41,2.35,1,8,0,3.0,2,616000
2260,4,2,80,1.97,2,5,0,18.1,8,614000
3523,3,2,68,1.55,0,6,0,13.8,9,712000
3312,3,3,81,0.68,1,3,0,38.1,1,513000
1085,1,2,16,1.36,1,5,0,27.1,4,345000
1064,4,3,67,0.66,2,3,0,18.7,6,349000
3167,2,4,6,2.04,1,2,0,30.3,2,719000
4247,4,2,88,1.03,1,7,1,31.3,6,876000
2562,3,3,100,2.1,2,10,0,19.5,7,858000
3848,4,2,39,1.02,3,7,0,3.5,6,670000
3181,4,2,39,2.08,1,8,1,31.3,10,870000
3069,2,2,42,0.9,2,1,1,4.1,10,682000
840,4,2,72,1.16,1,2,0,34.0,8,229000
867,2,3,82,1.58,3,2,0,13.7,5,291000
1787,3,3,50,0.27,2,3,0,25.7,3,323000
4808,2,2,72,2.38,3,7,1,29.7,2,996000
3998,4,3,22,1.48,0,7,0,1.9,2,938000
3324,5,3,94,1.32,2,7,1,15.7,2,632000
1885,4,2,31,2.11,2,1,1,24.4,10,605000
3279,4,2,30,2.18,1,2,0,34.0,5,717000
2493,4,4,16,1.35,1,8,0,28.9,10,696000
3115,1,3,57,2.33,2,9,0,35.9,4,786000
1578,5,2,85,0.26,2,10,0,3.8,2,549000
2385,2,1,34,0.37,0,7,0,3.3,5,584000
2292,6,3,29,1.53,2,1,0,28.7,7,703000
1460,4,3,63,0.95,1,4,1,16.2,5,562000
2148,4,1,52,1.21,1,10,1,19.5,8,834000
2099,4,3,50,0.89,2,8,0,24.4,6,573000
4740,3,2,36,1.07,1,5,0,39.4,9,933000
2786,4,3,89,2.07,2,1,1,3.2,10,507000
2844,1,2,5,1.52,1,7,1,4.8,5,899000
4316,4,2,33,2.49,2,6,0,33.3,8,1134000
1858,4,2,55,1.99,2,9,1,1.3,6,855000
1776,5,4,95,0.76,3,4,0,18.3,7,691000
1527,4,3,24,0.73,1,4,0,31.1,8,589000
3327,2,3,12,0.91,2,8,0,8.2,4,953000
3936,3,3,62,2.12,1,4,1,7.9,4,898000
1142,4,2,65,0.17,2,3,0,12.8,6,519000
2247,3,4,4,0.65,2,7,1,6.4,2,793000
3179,3,1,74,2.27,1,5,0,27.3,9,966000
4459,5,3,10,1.64,2,9,0,8.4,8,1060000
1326,4,2,87,0.64,1,5,0,9.5,2,347000
2696,4,2,77,0.63,0,9,0,23.2,1,670000
2873,3,2,93,2.17,1,6,0,38.7,10,362000
1205,4,3,43,2.25,2,6,0,36.6,4,473000
2373,3,3,98,0.71,2,6,0,34.6,4,621000
4540,4,3,84,1.11,1,7,0,21.5,2,849000
2646,2,2,68,2.1,2,4,0,12.3,5,633000
2278,5,4,1,1.95,0,4,1,28.4,3,532000
3195,3,2,39,2.05,1,9,0,15.9,3,770000
1571,3,3,36,1.34,2,7,0,31.2,10,530000
1378,4,3,48,2.29,2,10,1,1.1,3,769000
3701,4,2,97,0.88,1,6,0,21.4,4,817000
993,2,1,74,0.48,1,1,0,13.8,5,194000
2807,4,2,35,1.8,3,7,0,10.3,4,692000
1985,3,2,74,1.39,1,6,0,26.6,9,673000
3194,5,1,72,2.15,1,4,0,26.5,4,540000
3798,5,1,69,0.29,2,8,0,2.0,7,1001000
2592,3,2,33,2.12,2,7,0,37.9,10,756000
1910,5,3,57,0.8,2,8,0,14.8,5,747000
4805,3,3,36,1.67,3,9,0,36.7,10,1188000
3061,2,2,95,0.2,1,1,0,23.6,9,488000
4536,6,2,59,1.56,2,3,0,26.3,9,797000
4593,4,2,11,1.82,1,2,1,38.4,8,817000
2736,3,2,31,0.99,2,3,0,33.0,6,513000
1529,3,3,80,0.62,3,2,0,6.0,6,438000
4251,3,3,3,1.39,2,6,1,0.7,2,1187000
2940,6,3,32,2.1,2,9,1,12.7,7,837000
2444,2,2,42,0.88,3,2,0,19.8,9,520000
3600,3,3,8,0.71,1,4,0,29.4,9,863000
941,3,2,97,0.77,2,5,0,26.6,2,327000
2255,3,3,50,2.38,3,5,1,12.9,9,858000
2896,3,4,93,0.96,2,1,0,21.9,7,587000
2125,2,3,19,0.11,1,6,0,26.2,5,487000
2013,2,3,38,1.98,1,5,1,20.8,5,622000
1959,3,1,22,1.78,1,6,0,27.7,6,656000
1140,5,4,40,0.41,1,4,0,19.7,8,515000
4628,2,2,43,2.46,2,6,0,21.4,2,1008000
2768,4,2,34,1.56,0,9,1,37.7,3,858000
1503,4,1,22,1.3,1,1,1,15.9,10,630000
3229,5,4,57,1.02,2,6,0,30.4,7,916000
2600,5,4,47,2.26,2,1,0,13.7,3,465000
1655,3,4,86,0.69,2,7,0,13.6,1,558000
2612,3,3,57,0.79,2,4,0,37.1,6,588000
3666,3,2,100,0.39,0,6,0,28.1,7,694000
4442,3,4,56,1.92,0,7,0,37.2,9,934000
982,4,4,86,1.53,0,5,0,39.8,1,256000
3912,4,2,38,1.56,2,9,0,0.5,9,674000
2317,5,2,27,0.62,0,8,0,39.3,10,702000
2156,2,3,63,1.66,2,3,0,4.5,7,474000
2974,5,4,61,1.94,1,1,1,3.3,8,837000
4429,3,4,82,0.96,3,10,0,30.8,3,930000
4428,3,4,61,2.02,2,8,0,14.3,5,1215000
4896,3,4,93,0.94,2,4,0,36.8,3,1116000
4039,4,4,84,1.92,2,7,0,22.0,7,925000
4491,3,3,87,0.18,2,4,1,15.8,2,795000
818,5,3,84,1.42,2,7,0,3.4,6,417000
4203,5,2,25,2.43,3,1,1,18.9,10,1097000
3804,5,3,50,2.45,2,1,1,11.5,2,786000
1932,2,2,49,0.78,3,2,0,3.5,9,556000
4139,5,4,35,1.16,1,5,0,27.0,6,808000
4111,4,2,25,0.25,3,10,0,39.1,5,991000
4172,2,1,32,2.2,1,6,1,15.5,6,1197000
1787,2,1,99,1.46,1,2,0,12.2,6,324000
4121,2,3,67,1.02,2,1,1,4.1,6,852000
973,1,2,72,0.37,1,9,0,9.3,10,473000
4541,4,2,7,2.37,1,7,0,11.8,6,1312000
3852,6,2,65,1.37,1,8,0,14.1,9,1112000
1526,3,2,92,0.78,2,6,0,25.5,7,486000
4560,4,1,22,0.94,3,9,0,5.0,1,1129000
2675,6,2,69,0.75,2,8,0,2.8,10,1151000
4833,3,2,54,1.54,3,4,0,37.3,9,1101000
1789,5,2,42,2.33,2,5,0,32.1,6,611000
4544,4,2,99,2.16,0,2,0,11.5,10,1021000
3486,4,2,20,1.2,1,1,0,25.7,8,818000
1219,3,4,21,2.08,2,6,0,23.9,3,747000
1393,4,2,8,1.12,1,3,1,29.8,3,436000
2574,2,2,33,0.71,1,4,0,34.4,9,600000
3259,4,2,58,2.46,2,1,0,14.6,9,605000
1735,3,2,25,0.83,2,6,0,26.6,5,540000
4608,5,1,0,0.88,1,8,0,32.2,5,851000
1131,3,1,99,2.48,3,10,0,28.1,3,468000
4249,2,3,4,0.42,2,4,1,36.9,7,851000
3502,4,3,40,1.93,2,10,0,20.0,7,1088000
4806,2,2,62,2.35,3,8,1,32.2,3,981000
4668,4,3,21,1.33,1,10,0,36.4,8,1229000
5000,6,1,67,0.11,2,3,1,22.5,6,947000
1001,4,4,47,1.0,3,7,0,1.2,3,639000
3297,1,1,65,0.37,2,3,0,32.8,6,589000
2642,4,3,15,1.1,2,6,0,33.9,1,644000
2666,4,1,79,2.0,2,4,0,16.3,6,457000
2796,5,4,52,1.15,2,6,1,9.5,7,672000
1709,2,2,85,1.14,0,7,1,39.1,4,472000
3989,3,1,64,1.44,3,8,0,22.3,4,719000
1570,4,3,78,1.5,3,6,0,20.9,3,591000
3955,2,1,63,2.16,3,4,0,37.9,5,741000
3301,3,3,87,0.84,2,9,1,16.6,1,790000
3514,3,3,67,2.07,1,7,0,34.0,6,868000
4385,5,2,62,1.46,0,9,1,28.2,2,1112000
2428,5,2,61,0.82,3,3,0,38.7,4,437000
1186,4,1,81,0.81,1,5,1,17.4,6,318000
4221,3,3,80,0.97,1,1,0,36.4,6,701000
4808,3,2,70,1.59,2,8,0,23.0,10,1254000
4893,6,3,44,0.65,2,1,0,19.3,7,992000
3266,6,4,51,2.31,2,1,0,12.6,1,889000
3082,5,2,73,1.48,2,7,0,22.3,6,577000
2656,4,4,64,2.31,2,8,1,23.1,9,783000
2798,3,3,1,0.21,3,3,0,36.0,8,731000
2036,5,2,48,0.92,1,2,1,28.3,8,465000
4944,3,2,21,0.15,1,7,0,33.1,6,834000
1950,3,3,95,0.75,2,10,0,30.9,4,489000
2231,4,2,28,2.17,3,5,1,11.4,1,669000
2619,2,1,34,0.19,1,1,0,8.6,5,436000
3124,1,2,80,1.15,1,2,0,10.7,5,688000
1930,3,3,75,0.38,2,3,0,6.3,7,526000
3458,3,3,23,1.1,2,6,1,15.7,1,901000
4300,5,3,93,2.11,3,1,1,26.3,6,934000
1174,2,2,29,1.6,3,8,1,21.7,7,745000
2920,2,3,83,1.87,2,2,1,27.3,1,775000
4820,2,4,41,0.94,2,5,0,14.6,3,959000
2821,1,1,70,2.37,0,8,0,8.6,10,774000
4505,2,1,49,1.8,2,5,0,8.5,9,935000
4059,4,4,70,1.11,2,8,1,24.2,8,1143000
4235,3,3,59,1.12,1,6,1,7.0,10,1220000
2689,4,3,29,2.3,1,7,0,16.2,6,791000
2623,6,4,11,1.48,3,8,0,8.9,8,1072000
2274,4,3,48,1.8,2,3,1,26.7,2,580000
3042,2,2,94,1.1,2,5,0,24.8,7,750000
4043,2,3,81,0.64,0,10,0,15.6,2,722000
3934,5,3,45,1.84,2,7,0,5.6,3,815000
2870,4,4,42,1.56,3,9,1,8.9,2,983000
1159,5,2,1,1.3,1,6,0,19.2,5,624000
2841,5,3,96,1.6,2,10,0,38.9,10,864000
1941,5,3,74,0.6,1,1,0,11.2,5,528000
2435,5,2,97,2.01,2,8,0,8.1,6,610000
4800,4,2,79,2.38,3,6,0,9.2,6,1049000
2743,3,4,53,2.24,2,1,1,28.5,7,532000
4161,6,2,34,0.87,3,4,0,36.6,8,773000
3780,4,3,51,1.07,3,6,1,3.5,4,1170000
806,2,4,32,2.04,3,10,0,30.1,9,566000
4067,4,2,84,1.53,3,1,1,20.0,3,1029000
2391,4,4,83,1.41,0,10,0,33.1,5,667000
4064,5,3,71,2.32,3,5,0,17.1,3,898000
3406,4,2,50,1.39,1,3,0,0.7,2,704000
4019,3,2,25,1.34,0,7,0,27.5,5,1007000
4073,6,4,96,0.2,0,8,0,32.4,9,863000
1713,5,2,61,0.27,1,3,0,36.1,6,414000
2811,4,2,60,0.12,2,10,0,23.0,4,763000
2242,3,2,25,2.29,2,3,1,5.3,7,568000
3854,3,2,36,1.08,0,3,0,15.1,10,833000
4346,4,2,29,1.22,2,6,0,31.5,5,945000
3728,2,4,94,2.13,2,6,0,20.0,7,900000
2629,3,4,96,1.56,2,3,0,28.1,2,627000
1375,4,2,10,1.56,1,6,0,0.7,2,532000
1729,3,2,52,0.81,1,9,0,3.4,9,677000
4559,3,3,40,2.1,1,8,0,27.4,4,806000
4499,2,1,4,0.5,1,7,0,12.0,1,1215000
2263,3,3,65,0.23,2,7,1,15.8,9,852000
4075,4,4,12,0.56,2,8,0,25.9,1,920000
1854,3,4,62,0.74,1,7,0,4.9,2,566000
2700,1,2,81,0.78,1,3,1,33.4,9,377000
2257,4,2,89,1.71,1,8,0,6.2,3,670000
2199,6,1,24,0.62,3,8,0,29.5,1,586000
4215,4,2,43,1.72,1,1,1,12.1,3,650000
1242,2,2,13,0.32,3,10,0,10.8,9,673000
4450,3,4,68,0.45,2,5,0,32.9,2,741000
1978,5,4,58,1.32,0,5,0,22.3,5,473000
2057,3,4,55,2.31,3,1,0,8.6,1,623000
4434,4,4,51,2.16,2,6,1,0.6,10,1434000
2641,3,1,65,2.43,2,6,1,38.9,1,655000
3109,3,3,67,1.66,2,4,0,17.5,7,874000
1710,5,1,11,1.72,2,6,1,16.2,10,678000
4809,4,2,74,1.6,1,6,0,2.5,10,1142000
2969,4,3,67,1.59,0,1,0,35.8,3,561000
2972,3,3,42,0.45,3,5,1,6.1,1,816000
923,2,3,72,1.4,3,2,0,13.8,1,266000
3958,4,1,73,1.03,1,7,0,17.1,5,525000
1585,4,1,90,1.16,2,9,0,32.5,3,560000
3216,2,1,5,1.36,2,9,1,14.7,4,862000
1596,2,1,14,0.41,1,9,0,21.5,6,398000
4972,2,2,41,0.96,2,7,0,17.4,2,1006000
4954,6,3,30,0.25,2,7,0,12.8,7,1204000
2736,4,3,85,2.45,2,1,0,37.9,5,575000
2956,5,2,52,0.38,3,6,0,32.0,8,783000
4607,2,3,5,0.72,0,5,1,7.4,4,1025000
2101,6,2,32,2.24,2,8,1,22.4,8,761000
4963,2,4,28,1.26,2,8,1,32.0,4,1156000
3940,4,2,20,0.43,2,4,0,23.4,5,837000
4036,5,3,53,1.02,1,1,0,20.0,3,800000
3152,3,4,55,0.38,2,6,0,3.3,4,827000
2732,3,4,93,0.58,3,10,1,4.7,9,933000
3521,2,1,20,0.22,1,1,1,10.2,5,666000
1164,2,3,99,1.15,2,5,1,20.8,4,429000
3190,4,1,54,2.04,3,5,0,39.5,4,773000
1746,4,1,57,1.51,0,3,0,32.2,7,494000
2177,4,1,63,1.56,3,5,0,4.8,2,611000
2239,4,4,85,0.58,1,6,0,28.8,4,626000
3980,4,4,45,0.93,0,5,0,32.5,3,542000
1140,1,2,83,2.13,1,1,0,16.9,7,250000
3789,2,2,21,0.31,0,7,0,13.5,4,956000
1182,6,4,59,2.16,0,3,0,23.6,8,490000
2356,2,2,10,1.26,2,7,0,21.0,5,585000
1099,4,2,46,2.11,1,5,0,11.0,9,516000
938,2,2,30,0.86,3,3,0,16.2,9,504000
1158,4,3,76,0.91,2,6,0,22.0,3,337000
2322,4,2,17,1.9,2,1,0,23.4,9,670000
4256,3,3,21,1.98,2,6,0,21.5,4,1313000
2427,3,2,55,0.65,2,4,1,33.9,9,553000
2103,4,2,16,2.43,2,4,0,1.8,2,571000
1934,3,2,37,0.3,1,5,0,13.7,5,332000
2986,2,1,24,0.26,3,9,0,30.1,6,732000
3970,4,2,31,1.53,2,1,0,26.2,3,903000
4635,2,1,14,1.83,0,3,0,36.8,2,771000
2951,5,3,12,2.41,2,4,1,23.7,1,1132000
2037,4,2,57,1.07,2,2,0,25.7,7,772000
4535,2,3,89,0.16,1,9,0,28.3,4,1118000
3634,4,4,49,1.55,3,7,0,7.9,8,881000
1798,4,3,10,0.8,2,1,0,30.3,8,563000
3367,3,4,12,1.14,2,9,0,12.3,8,895000
2107,3,3,96,1.27,2,6,1,17.3,2,506000
1456,3,2,49,0.25,3,2,0,1.1,5,473000
3460,3,4,100,1.27,1,1,0,33.8,8,539000
3011,2,4,37,1.12,2,6,0,38.2,10,561000
2709,3,4,0,1.81,1,7,0,2.9,2,644000
4530,3,3,38,1.65,2,10,0,25.6,2,1088000
2846,4,3,26,0.54,0,6,1,38.5,1,857000
3962,4,1,35,0.59,0,7,1,24.5,6,1005000
1940,4,3,31,0.7,3,6,1,32.0,5,646000
1066,4,1,40,0.53,2,8,0,5.2,1,507000
2645,5,2,14,1.68,1,2,1,10.2,8,748000
2508,4,3,30,2.49,2,9,1,14.2,8,1041000
4430,4,2,5,1.67,2,9,1,39.3,5,1223000
4011,3,1,88,1.56,1,9,1,31.4,3,541000
3093,5,3,51,1.08,1,7,0,35.5,8,703000
4532,1,4,81,0.85,3,9,0,19.7,3,1074000
4629,3,3,21,2.29,2,1,0,28.8,4,1054000
2310,4,2,30,2.43,1,3,0,29.4,7,577000
1275,2,4,99,1.29,3,2,1,23.0,7,285000
1776,2,1,72,0.8,2,1,1,35.2,4,373000
2007,4,3,45,1.95,1,5,1,6.8,9,542000
2760,4,1,66,0.42,1,1,0,2.8,6,487000
1357,4,2,96,1.94,1,3,0,12.5,8,494000
1682,5,3,90,2.07,3,6,0,4.0,7,579000
2994,2,3,42,0.4,0,6,0,2.9,4,619000
3467,1,1,0,2.44,1,3,1,17.1,2,774000
2410,4,2,43,2.47,3,4,1,8.4,2,817000
4288,3,2,56,2.35,1,7,0,31.7,8,911000
3254,4,2,8,1.29,2,6,1,23.4,8,1108000
2746,2,3,4,0.69,1,2,0,14.7,1,528000
3608,3,2,78,1.5,2,9,0,11.8,1,692000
4625,4,2,8,1.11,1,6,0,22.7,4,1076000
4336,4,2,44,0.59,1,2,0,17.6,1,709000
4602,4,2,91,1.12,2,7,1,2.7,10,1138000
4977,3,3,76,1.69,2,10,1,26.8,1,1458000
2770,3,3,23,0.27,2,10,0,20.2,10,691000
4622,2,1,73,0.9,2,4,0,11.4,5,911000
3619,2,1,41,0.14,2,1,0,12.0,1,730000
1702,3,3,21,1.9,2,10,0,18.4,10,675000
1164,3,2,59,1.64,2,9,0,33.2,6,495000
3919,4,2,85,0.25,2,10,0,17.2,4,572000
3358,3,2,36,2.42,2,8,0,33.7,10,900000
2663,4,2,38,0.15,2,5,0,17.3,5,564000
915,5,1,83,1.52,1,3,0,33.3,9,266000
3184,3,4,73,1.96,1,4,0,37.3,2,632000
4735,2,3,73,1.99,1,3,1,1.3,3,889000
3290,2,3,89,0.18,3,10,1,3.0,3,687000
1742,4,2,88,2.28,2,8,0,5.8,9,785000
2524,3,3,52,2.3,2,5,0,5.3,3,709000
3134,2,4,27,1.45,1,8,0,18.5,10,933000
3567,4,3,76,1.26,1,1,0,30.7,5,606000
1937,2,2,14,0.21,3,9,0,38.5,6,628000
3327,4,3,59,1.45,3,10,1,17.0,6,663000
4917,4,2,59,1.08,1,3,1,27.7,6,803000
4220,4,3,5,1.95,2,1,0,25.6,1,1080000
4706,2,2,51,1.07,2,3,0,16.0,6,1005000
4437,5,4,11,1.74,1,2,0,29.0,1,856000
3753,4,3,18,0.34,2,7,0,23.9,6,972000
3167,3,2,95,0.42,2,10,0,30.5,10,567000
1076,2,1,74,0.44,2,4,0,8.1,6,317000
2799,3,2,96,0.21,0,7,0,14.7,3,558000
2027,5,1,1,1.4,1,3,1,27.0,3,660000
4552,5,2,54,2.01,1,6,0,5.4,6,897000
4535,4,2,14,1.56,1,7,0,30.9,2,985000
1495,5,2,63,1.48,2,7,0,5.8,5,547000
2109,1,4,99,1.73,1,5,0,13.3,10,595000
4952,1,2,68,0.92,2,6,0,9.9,3,987000
4034,5,2,14,0.97,1,3,0,2.9,5,902000
4914,4,1,42,0.85,2,4,1,11.2,3,1059000
3111,3,2,73,1.81,2,6,1,36.5,2,640000
3641,4,2,16,0.49,2,3,1,1.6,4,805000
4359,6,3,97,0.13,1,7,0,1.2,5,708000
4198,4,2,23,1.53,1,3,0,28.3,6,972000
1341,5,3,73,2.36,0,9,1,15.0,2,546000
3494,4,3,29,1.56,1,4,0,9.6,3,681000
1888,2,1,66,1.98,1,2,0,20.6,3,350000
4163,5,2,50,1.71,0,6,0,11.0,6,1152000
824,2,2,59,1.29,2,9,0,16.0,1,386000
2372,5,3,100,1.82,3,10,1,28.8,7,822000
3758,3,2,2,2.08,1,10,0,5.1,8,972000
2567,4,3,4,0.64,3,2,1,38.4,7,593000
3035,3,3,27,0.91,1,4,0,2.2,4,742000
1000,2,3,77,0.64,2,5,1,32.4,7,453000
3998,3,2,10,1.19,2,9,0,29.1,1,1145000
1056,6,1,71,2.22,3,7,1,11.6,8,711000
4547,6,3,100,0.93,1,5,0,5.2,10,1070000
3041,3,4,71,1.0,1,6,1,34.2,10,837000
3975,6,4,75,2.16,0,9,0,27.3,3,798000
4406,5,4,14,1.34,2,4,0,12.0,9,1094000
4136,4,3,82,1.39,3,2,0,1.2,1,957000
1213,1,3,47,2.17,2,5,1,37.6,6,579000
2814,5,3,45,1.28,2,7,1,16.5,1,777000
2181,4,2,27,1.74,2,4,1,7.5,8,679000
1898,5,3,6,0.31,3,1,0,36.5,3,450000
4226,5,2,70,0.53,2,8,0,14.7,4,930000
4455,5,2,93,1.07,1,5,0,18.8,6,1027000
1709,4,3,81,1.29,3,10,0,28.1,4,558000
987,3,2,87,2.42,1,2,0,32.9,8,335000
4844,3,2,5,2.43,0,3,1,4.5,9,1302000
4556,3,2,57,2.14,1,10,1,36.0,5,978000
2815,1,4,67,0.86,2,10,1,37.3,1,699000
2892,4,3,54,2.41,2,5,0,10.7,8,957000
4444,4,2,66,1.75,1,4,0,20.1,2,903000
2930,5,2,48,1.04,2,9,0,34.4,6,977000
1157,2,2,50,1.78,2,9,0,19.8,6,527000
3222,4,1,58,0.14,3,8,0,19.5,7,937000
2297,1,2,5,0.45,2,2,1,24.9,9,519000
2958,2,3,89,2.09,2,5,0,30.8,1,684000
3355,2,2,50,1.65,2,8,0,26.8,10,806000
3142,4,2,37,0.97,1,8,1,25.2,8,688000
3751,2,1,10,1.3,1,7,1,15.2,5,849000
2038,4,2,51,2.27,2,4,1,25.4,6,614000
1773,3,1,92,1.62,0,3,0,4.6,8,460000
4765,5,3,19,1.06,1,8,0,16.7,8,1119000
1850,5,2,9,0.39,2,8,0,7.9,7,506000
4501,6,3,25,0.8,1,10,1,21.7,7,1099000
3580,5,3,47,2.45,1,5,0,10.9,1,839000
2388,5,2,90,1.15,2,3,1,20.5,8,672000
4678,5,2,13,1.23,2,5,1,31.2,3,1188000
3168,4,3,99,1.3,3,4,1,17.6,5,667000
1236,2,1,58,2.22,2,8,0,9.1,4,443000
3628,3,3,11,1.55,2,2,0,9.3,10,793000
2356,3,4,22,1.76,1,8,1,36.3,3,624000
4658,4,2,84,1.03,1,10,1,31.3,10,799000
2104,4,3,71,0.17,1,6,1,1.9,5,660000
3184,5,3,38,2.33,2,4,0,37.7,3,1059000
982,6,2,8,2.38,2,3,1,4.9,9,697000
2389,3,3,87,2.38,2,10,0,26.3,9,850000
2387,4,2,94,2.36,2,5,0,22.3,6,645000
1459,6,2,24,2.06,1,6,0,2.3,3,475000
959,3,3,16,1.74,2,1,0,12.2,5,403000
4753,4,3,41,2.13,2,1,0,31.1,8,1075000
1811,3,4,28,1.54,2,10,0,12.6,9,619000
852,4,2,59,0.42,2,3,0,19.5,3,281000
3107,3,2,66,1.04,3,2,0,28.1,5,516000
2028,5,2,84,2.43,3,1,0,3.3,2,485000
1835,4,1,56,0.94,3,8,0,33.4,2,698000
4502,2,2,71,2.18,0,1,1,2.1,2,1032000
4845,3,2,13,0.32,1,10,1,10.9,6,1183000
2064,3,2,38,0.9,0,8,1,30.6,3,720000
2684,6,2,15,0.94,1,5,0,36.5,10,815000
2609,4,2,17,0.22,2,4,0,30.5,5,617000
3967,3,4,94,0.39,2,8,1,9.5,8,776000
4597,3,3,74,0.56,2,8,0,39.4,5,883000
3141,4,1,19,2.11,3,8,0,16.8,2,820000
4214,4,4,45,0.25,3,3,0,15.4,6,872000
1617,4,3,44,0.82,1,8,0,34.7,2,498000
3237,3,4,3,0.12,3,1,1,3.1,8,733000
1688,4,2,83,1.77,2,4,1,22.5,2,384000
1467,4,2,94,1.59,2,5,1,38.6,7,366000
3424,6,4,19,1.65,2,6,1,4.5,4,1062000
1618,5,2,10,1.0,0,5,0,21.9,4,444000
2988,4,4,64,0.6,3,5,0,5.7,8,829000
1906,4,3,17,1.83,2,5,0,35.7,4,608000
3024,3,4,38,2.05,3,9,0,23.7,8,968000
997,5,2,43,0.43,3,10,0,9.8,9,577000
3471,3,2,96,1.27,2,10,1,12.6,8,748000
4292,3,2,99,0.7,0,3,0,20.9,4,894000
3248,3,4,17,0.5,1,2,1,29.2,5,670000
1270,5,2,46,1.86,1,10,0,19.8,6,758000
2748,2,3,30,1.39,1,2,0,8.0,9,550000
4699,3,2,98,0.62,3,8,1,28.5,5,830000
2810,3,2,38,0.84,1,5,1,5.2,2,511000
4600,1,2,37,2.42,3,5,1,32.5,7,1045000
4918,2,2,78,2.14,2,6,1,16.1,6,1145000
4596,5,3,46,2.21,1,9,0,26.3,3,821000
4788,5,1,69,1.2,2,7,1,14.1,8,1082000
1034,3,4,7,1.6,2,5,0,26.9,3,463000
1728,5,3,85,1.0,2,5,1,35.6,10,389000
4407,4,3,64,0.29,2,10,1,28.2,4,1002000
1322,3,3,12,1.06,0,9,0,27.0,9,664000
4323,4,2,54,1.53,2,9,1,30.4,4,1235000
2429,6,2,87,0.79,2,2,1,20.3,2,410000
2116,3,3,84,2.14,2,7,0,9.2,9,775000
3657,3,2,42,0.46,3,10,1,32.7,10,1102000
1924,5,2,3,0.98,1,1,1,26.1,8,558000
3387,4,1,70,0.4,0,4,0,12.9,4,474000
1823,2,3,59,1.07,2,2,1,11.4,6,550000
2178,4,2,11,0.2,3,10,0,20.2,6,567000
4174,4,2,58,0.75,2,9,1,8.7,2,1031000
2319,5,1,76,1.06,1,6,0,35.2,9,524000
1026,4,4,53,1.25,1,4,0,31.6,6,352000
1691,3,2,43,1.4,1,3,1,12.7,5,538000
4872,4,3,15,0.76,1,4,0,2.5,2,1374000
3057,4,3,5,1.36,2,2,0,2.5,10,1032000
3588,3,3,13,1.32,2,5,0,12.2,1,848000
1196,4,2,57,0.86,1,9,0,6.3,7,556000
2878,5,3,30,2.09,0,6,0,35.0,4,713000
4037,1,2,99,1.41,1,2,0,17.1,7,674000
4693,4,2,100,0.9,3,6,0,14.2,5,1176000
2805,3,3,40,2.37,2,9,0,9.1,1,843000
2816,3,3,34,2.13,3,4,0,33.7,5,785000
3971,3,3,9,2.46,2,1,0,31.8,4,910000
3468,3,4,80,1.76,1,2,0,15.7,1,666000
2678,5,2,29,1.01,1,5,0,7.2,10,644000
1996,3,4,43,0.77,2,10,0,38.1,2,546000
2572,4,1,54,1.69,2,7,1,13.0,9,816000
961,2,3,70,2.45,2,8,0,31.0,1,448000
4776,6,2,17,1.6,2,3,0,18.8,10,895000
2551,4,2,82,2.22,2,9,0,31.4,4,613000
1575,4,2,78,0.89,0,2,0,19.5,8,346000
1739,3,2,85,1.08,3,4,1,37.1,5,405000
4020,3,2,38,2.28,2,4,0,32.1,10,633000
1339,3,2,41,1.92,1,6,0,10.8,7,422000
2261,5,1,53,2.46,2,10,0,17.5,2,709000
1155,3,3,29,1.96,2,6,1,4.5,4,634000
4404,4,1,19,1.18,1,3,0,36.2,4,762000
4123,4,2,95,1.37,2,9,0,3.2,1,962000
1034,3,1,41,2.26,1,5,1,1.2,8,526000
2348,4,2,88,1.42,1,2,0,20.1,3,516000
2896,4,3,86,0.71,0,6,1,24.3,4,808000
2901,4,4,4,1.15,1,3,0,9.3,2,642000
2473,3,1,49,1.34,1,8,0,23.0,10,642000
2900,3,3,40,0.33,1,3,0,35.9,5,492000
4457,3,3,93,1.89,3,5,0,25.2,5,1123000
4396,5,2,38,0.36,1,4,0,18.5,3,819000
4548,4,3,56,1.07,2,4,1,6.2,8,1075000
3973,3,2,90,2.03,1,2,0,7.2,1,787000
2615,5,2,56,1.22,2,8,1,19.6,2,900000
4641,1,2,36,2.12,0,3,0,18.8,1,655000
2805,5,1,6,0.92,1,4,1,21.1,6,852000
1474,6,3,4,2.4,1,6,1,20.6,4,475000
1186,5,2,78,0.6,3,9,0,14.0,10,473000
2958,5,2,50,0.19,2,4,0,28.0,1,603000
3461,3,2,7,2.19,1,3,1,8.9,7,884000
2864,3,3,55,1.91,1,5,0,34.2,9,867000
4651,4,3,72,0.66,1,9,1,8.2,5,1066000
4053,3,3,10,2.46,1,1,1,16.9,7,938000
1539,2,2,21,1.31,2,5,0,8.8,4,546000
2201,4,3,97,2.38,2,4,1,24.9,4,686000
4059,3,2,98,1.31,2,5,0,19.4,4,703000
3077,5,1,76,1.23,1,7,0,15.3,5,538000
4704,5,2,10,1.18,2,7,0,19.3,8,1138000
4723,5,2,59,0.9,1,7,0,17.1,4,995000
4027,4,3,95,1.38,1,1,0,34.3,7,700000
3631,5,4,14,1.19,2,9,0,5.4,9,1338000
4558,5,3,37,0.19,1,7,1,31.8,6,1150000
3312,4,2,0,0.73,2,4,0,26.4,4,562000
2951,3,2,45,0.61,3,4,0,14.3,5,652000
4475,5,1,87,2.18,1,2,0,36.8,8,884000
3545,5,3,42,1.54,3,6,0,7.5,4,978000
4666,3,3,21,1.93,0,10,0,12.8,4,1277000
4564,1,4,2,2.4,1,3,0,15.3,7,1255000
3022,4,2,13,1.65,2,1,1,26.1,6,796000
3592,2,3,1,2.46,2,5,0,37.9,1,912000
2497,5,3,60,0.85,0,6,1,23.9,9,553000
4262,6,4,31,0.55,2,5,0,34.3,5,862000
4863,2,3,37,1.07,3,5,1,36.2,10,998000
2324,4,3,96,1.23,1,10,0,18.9,2,487000
832,2,3,45,2.25,3,8,0,19.2,5,570000
4825,4,3,41,1.44,2,10,1,10.4,8,1247000
3366,3,2,5,0.8,3,1,1,24.3,6,1024000
3603,4,1,40,1.88,1,8,0,5.2,8,1012000
4696,3,1,24,1.31,2,7,1,25.6,5,1103000
4509,2,2,97,0.49,0,1,1,35.8,4,856000
1519,3,3,10,1.48,3,9,0,30.6,10,630000
1772,2,1,100,2.29,2,4,0,26.1,3,285000
4518,4,2,40,2.12,1,7,0,33.6,2,1083000
3007,1,2,70,1.51,1,3,0,29.3,9,651000
3830,4,3,56,1.0,3,8,0,21.4,1,875000
4375,5,2,45,0.31,2,4,0,21.1,10,882000
3916,5,1,85,1.23,1,2,0,4.7,2,639000
4085,5,2,47,1.9,2,2,0,17.7,6,878000
1443,5,2,62,0.96,3,8,0,21.1,6,588000
994,2,3,38,0.67,1,8,0,19.1,1,452000
4796,2,2,9,2.34,0,1,0,31.2,8,733000
1288,4,3,84,2.07,3,6,0,6.9,4,607000
3004,5,3,69,1.63,1,9,0,31.9,7,769000
3457,6,4,64,0.43,1,9,1,29.8,10,950000
4076,1,2,97,0.45,1,2,1,36.1,9,628000
1902,3,2,58,0.35,3,8,0,15.3,2,608000
2041,3,1,77,1.58,1,8,0,7.5,7,757000
1315,4,2,35,0.38,2,4,0,30.5,1,431000
1192,4,3,26,2.12,3,4,0,23.7,3,477000
1430,2,1,72,2.48,0,5,0,28.6,4,268000
4516,3,2,54,0.98,3,10,0,39.9,3,895000
2647,4,4,69,1.19,2,7,0,8.2,8,709000
3455,4,3,94,1.81,2,1,0,16.7,7,752000
1779,1,1,80,2.35,1,9,1,8.1,3,506000
4202,5,1,52,2.25,2,3,0,34.5,7,773000
4671,4,1,59,0.24,1,4,0,1.2,2,825000
1077,5,4,60,0.51,0,7,0,5.8,3,447000
1032,5,3,35,1.91,3,5,0,10.3,7,541000
2352,2,3,84,1.75,0,5,0,31.0,10,523000
4070,2,4,26,0.42,3,1,1,25.3,5,699000
3209,4,2,40,1.3,1,2,0,15.9,9,783000
4312,2,2,27,1.97,1,5,0,6.8,8,825000
825,5,2,15,0.63,3,2,0,13.2,6,493000
1260,4,3,34,2.19,1,1,0,29.9,4,465000
4564,5,4,35,0.23,3,10,0,15.6,3,911000
4231,3,2,55,1.98,2,3,0,18.8,6,1107000
4283,3,2,98,1.58,1,1,0,24.5,9,890000
2794,4,4,18,0.86,2,10,0,36.6,5,856000
1290,1,1,56,1.83,1,8,1,10.4,7,446000
1872,4,4,84,1.98,1,8,1,18.2,7,408000
3973,5,2,32,2.34,2,8,0,12.8,7,1038000
1015,3,2,22,0.98,1,7,0,18.9,9,510000
2523,4,2,62,1.75,1,7,0,28.0,2,699000
2392,2,3,69,1.55,3,2,1,19.5,8,450000
3406,3,3,95,1.36,3,9,0,33.5,2,887000
958,6,2,21,2.24,2,7,0,22.4,1,602000
4113,6,4,66,0.11,2,5,0,15.7,10,1021000
3641,4,3,98,0.78,2,4,0,31.4,6,574000
2576,5,3,79,1.39,2,8,0,17.5,2,666000
2852,4,2,58,0.53,2,5,0,20.9,5,550000
3095,3,4,24,2.28,3,6,0,39.8,1,640000
2496,3,2,16,1.65,1,4,1,31.6,7,566000
3793,5,2,38,1.25,2,2,0,34.3,1,770000
3269,2,1,76,2.06,3,7,0,23.9,8,688000
2746,4,2,91,1.18,2,2,0,14.3,5,552000
4609,4,4,74,1.44,3,7,1,39.7,5,1143000
3583,4,2,73,0.11,1,7,0,10.1,3,755000
4444,3,2,38,0.98,1,1,1,35.0,2,761000
3300,3,3,23,0.43,3,10,0,36.5,6,871000
4445,2,3,37,1.76,1,10,0,32.8,4,1245000
3445,4,3,87,1.25,2,3,1,5.0,10,996000
3149,4,2,96,0.82,1,3,1,34.2,4,379000
2732,4,3,80,1.22,2,6,1,26.7,6,661000
4094,4,2,56,0.6,2,3,0,27.4,2,775000
2557,2,4,43,2.32,1,9,0,31.6,2,930000
1916,5,3,35,0.23,2,5,0,19.9,10,619000
3367,4,3,98,2.18,2,6,1,11.1,10,828000
4299,2,1,69,1.33,0,6,1,23.2,4,805000
1292,3,2,79,1.59,2,8,0,4.8,6,509000
4106,5,1,44,0.83,2,10,0,27.2,2,965000
1419,5,2,91,2.42,1,3,1,19.6,7,496000
4032,3,2,95,0.78,2,9,0,20.3,8,864000
4623,4,3,25,1.51,1,7,0,7.8,9,1418000
3180,2,1,10,2.48,1,6,1,2.1,6,882000
2346,1,3,51,2.21,2,1,0,24.6,2,596000
4363,4,1,24,1.39,2,4,0,26.5,6,938000
2405,4,2,30,2.48,3,5,1,20.2,8,745000
4552,4,3,84,1.78,1,2,0,30.7,10,946000
2690,3,3,44,0.6,1,1,0,22.8,1,332000
2075,1,2,66,1.07,0,2,0,34.0,6,372000
3543,3,1,75,0.9,2,8,0,11.9,1,426000
3293,1,3,39,0.93,2,10,0,10.1,6,717000
1156,2,2,45,1.93,2,6,1,10.8,10,504000
1669,3,2,53,1.5,1,10,1,1.7,4,650000
1685,3,3,40,0.19,3,2,0,36.1,3,448000
2801,3,2,88,2.21,2,9,1,40.0,3,532000
2083,4,1,80,0.81,3,8,0,32.8,4,515000
1419,2,4,37,2.49,0,4,0,16.8,3,444000
1682,2,3,99,2.39,2,10,0,14.5,9,819000
1596,4,1,35,2.36,2,7,1,31.1,4,589000
4442,2,2,82,2.05,2,3,1,20.6,1,683000
4225,4,1,43,0.63,0,6,0,37.6,4,906000
2096,2,3,56,1.38,3,3,0,11.5,1,512000
1044,3,3,65,0.64,1,10,1,13.3,10,636000
3695,2,2,80,0.72,1,3,0,40.0,10,784000
1729,2,1,29,1.57,2,9,1,39.1,3,510000
1319,4,1,9,0.2,2,6,0,35.5,4,431000
4012,5,2,98,2.43,2,8,0,16.5,4,858000
3209,2,3,60,2.3,1,4,0,33.6,9,824000
807,3,1,62,1.01,2,4,0,11.7,6,423000
3325,4,2,35,1.34,2,8,1,10.6,3,1118000
4223,3,2,53,1.22,1,7,0,22.1,7,887000
2819,5,2,96,2.22,3,5,0,34.5,4,808000
4467,2,2,64,1.75,3,2,0,4.4,7,974000
4471,6,3,81,0.77,2,6,0,22.8,2,867000
3601,3,3,3,1.17,0,1,0,24.6,7,676000
885,3,4,54,1.13,3,7,0,23.4,8,545000
3915,5,4,53,2.4,1,9,0,9.1,7,1291000
3268,4,3,90,0.52,1,5,1,3.0,6,900000
4419,4,3,88,0.31,1,5,0,35.9,4,708000
2436,4,4,63,2.21,1,7,0,23.2,9,774000
4383,4,1,91,2.25,3,5,1,30.8,1,769000
4809,2,1,21,2.19,2,10,0,14.9,5,1161000
4126,4,1,24,1.33,3,4,0,2.2,1,977000
3018,2,3,80,1.68,1,1,0,10.8,10,677000
3017,5,3,58,1.45,2,6,0,3.4,1,881000
3169,6,2,56,0.27,3,9,0,3.6,6,792000
4438,3,2,53,1.53,3,4,1,9.0,6,1206000
3303,3,2,43,0.13,2,10,1,25.5,7,830000
1743,1,1,51,0.88,1,4,0,32.8,10,361000
3637,1,2,75,2.34,2,5,0,32.9,9,900000
3460,5,1,15,0.83,1,6,0,37.5,6,851000
3736,2,1,100,2.36,2,3,0,26.4,2,754000
4747,3,3,15,0.7,2,9,0,1.3,4,1159000
2476,5,3,80,0.85,2,1,0,15.4,9,398000
1996,5,3,54,1.61,2,6,1,4.9,2,587000
4905,4,3,60,1.93,2,6,0,31.2,7,1070000
3587,4,3,94,1.3,0,8,0,5.2,4,789000
2261,4,3,78,2.22,2,5,0,4.7,10,888000
4118,6,3,76,0.2,2,9,0,1.6,6,877000
1466,4,3,39,2.31,1,9,1,38.2,1,655000
2976,4,2,90,0.57,1,2,1,31.5,8,653000
4543,1,2,20,2.22,1,5,0,13.7,6,627000
1400,2,3,65,1.06,2,7,1,15.4,7,552000
3452,4,2,7,2.1,3,2,1,2.8,6,945000
4624,5,2,70,1.71,1,7,1,6.7,7,1277000
4706,5,2,9,0.52,2,9,0,12.8,5,837000
1779,6,2,56,2.3,2,8,0,15.8,3,715000
3251,4,4,3,0.69,0,10,0,25.0,6,958000
1428,4,2,42,0.69,3,9,0,14.3,10,776000
2429,5,2,99,2.05,1,4,1,38.2,9,544000
4496,4,2,98,0.35,3,8,0,14.0,6,1065000
4230,3,3,62,0.63,0,9,1,37.7,9,792000
4474,3,3,42,1.31,1,10,0,29.3,2,1295000
4729,5,3,66,2.09,1,2,0,36.0,1,806000
3565,3,3,81,0.45,1,10,0,28.3,4,614000
915,5,2,50,1.41,3,3,0,23.0,5,355000
2803,3,2,55,1.81,0,1,0,20.6,10,694000
1492,4,2,42,2.17,2,1,1,12.0,7,529000
3962,4,3,23,2.35,1,10,0,12.3,8,1244000
1905,4,3,95,1.98,3,6,0,9.3,1,692000
3808,3,2,33,1.67,2,1,1,15.7,6,969000
2961,5,1,58,1.14,2,5,0,5.5,1,781000
953,4,1,1,0.37,1,6,0,15.8,8,405000
4499,3,3,1,1.8,2,9,0,33.4,1,934000
4586,4,1,9,2.48,1,6,0,34.9,4,818000
1864,3,1,22,1.87,1,4,0,25.9,3,503000
5000,3,2,14,0.14,2,1,1,10.6,2,1259000
2713,3,3,75,1.29,3,6,1,10.0,8,754000
2016,5,3,16,1.58,3,7,1,11.5,6,1014000
3201,4,2,81,1.76,2,5,0,20.3,4,540000
2572,4,3,13,1.83,2,6,1,39.1,3,702000
2760,3,2,80,1.44,3,10,0,4.8,6,687000
3580,3,4,78,0.64,2,8,0,20.3,6,899000
3671,6,2,75,2.36,2,1,0,27.4,5,795000
1460,4,3,15,1.77,3,8,1,10.2,3,529000
3435,5,2,31,0.67,1,2,0,38.8,10,649000
3129,3,2,22,0.87,0,2,0,14.3,9,820000
4754,2,3,33,2.31,2,8,0,37.3,6,1223000
3250,5,2,97,2.23,0,2,0,24.1,5,538000
1932,4,2,15,1.07,1,8,0,0.7,7,625000
1499,2,2,33,0.19,2,5,0,12.8,1,428000
2838,3,2,70,0.22,2,9,0,1.4,7,660000
2979,5,2,32,0.78,3,9,0,15.6,1,871000
3638,3,2,67,1.61,1,8,0,37.3,9,804000
1673,4,3,42,1.5,1,9,0,31.3,6,694000
883,3,3,63,1.62,1,7,1,25.0,7,449000
2222,3,2,70,1.82,2,8,0,21.8,7,742000
3475,6,3,17,0.15,2,6,0,15.2,1,784000
3980,3,4,67,0.35,2,9,0,8.9,2,846000
4775,4,1,60,0.96,1,2,0,3.0,10,937000
2191,5,2,74,0.47,2,3,0,8.0,3,400000
4018,3,3,19,0.28,2,2,0,14.4,8,869000
1414,3,3,10,1.64,1,6,0,21.0,9,692000
3771,4,1,78,2.06,2,3,0,8.6,8,673000
4365,3,2,45,1.91,2,1,1,39.0,6,1002000
4376,3,2,63,2.06,3,4,0,3.5,2,937000
1070,3,4,80,1.7,3,5,0,4.2,2,465000
4866,4,2,97,1.86,2,4,0,27.5,10,1024000
3268,4,4,75,0.75,3,6,1,30.3,7,798000
2190,4,2,27,2.48,2,3,0,38.9,9,668000
4154,2,2,47,0.54,3,10,0,21.5,6,947000
4935,4,2,34,0.61,0,6,0,7.1,1,888000
4407,6,3,7,0.79,2,10,1,37.5,9,1388000
3383,4,2,90,2.44,2,1,0,39.2,7,535000
4873,4,2,21,2.47,2,6,0,37.0,3,972000
3875,4,4,23,2.01,1,8,0,34.9,2,1048000
4706,5,4,65,1.61,1,10,0,3.6,3,957000
1089,5,2,94,1.35,1,8,0,34.3,2,355000
3280,2,1,85,2.43,1,1,1,38.2,10,513000
4052,3,3,63,1.77,1,7,1,22.3,2,845000
1078,3,3,64,2.37,2,10,0,31.0,4,408000
3724,3,1,13,0.86,3,10,0,26.6,6,857000
1380,2,4,24,0.9,2,4,0,11.9,3,506000
1053,5,1,99,2.15,3,6,1,23.7,9,492000
1624,1,3,99,0.46,3,6,0,35.6,5,475000
4632,4,2,2,2.37,2,5,1,20.1,5,1233000
1499,4,3,4,1.32,1,10,0,23.8,7,639000
2180,3,2,64,2.32,0,9,0,21.5,9,757000
4696,5,3,53,0.91,3,10,0,11.7,1,1076000
2473,5,4,18,1.82,0,8,0,25.9,9,720000
3527,3,2,96,1.26,2,6,0,20.6,2,576000
3956,3,2,53,1.6,1,4,1,9.7,3,1039000
4188,3,2,93,1.31,3,4,0,35.9,5,948000
1183,4,4,75,2.42,2,9,0,38.0,10,564000
1141,2,4,9,1.76,3,4,0,2.7,4,553000
2787,4,3,97,0.7,1,7,0,25.1,5,606000
4859,5,2,15,2.28,1,6,0,16.9,10,822000
3909,3,4,45,0.81,2,2,0,21.3,5,802000
4882,5,2,28,0.99,3,5,1,15.3,5,760000
3598,1,2,14,0.35,2,3,0,19.2,10,663000
4040,5,2,47,2.26,3,9,1,13.3,10,1134000
2788,2,2,10,0.79,2,10,0,5.1,10,995000
4214,4,3,33,0.72,2,1,0,12.4,5,651000
2649,3,3,35,2.31,2,10,0,27.0,2,766000
1105,5,1,29,2.03,1,4,0,2.5,1,433000
4413,4,2,98,0.44,1,4,0,15.6,10,831000
3549,2,2,72,1.95,3,9,0,2.2,8,980000
1935,4,3,81,2.29,3,1,0,14.6,3,561000
1005,3,2,18,0.29,2,2,1,4.0,7,462000
4250,4,1,67,2.08,1,1,0,13.9,8,1017000
4611,5,3,69,1.41,1,1,1,33.6,6,864000
4422,3,4,32,1.71,3,1,0,24.7,6,803000
4399,3,4,95,1.28,0,3,1,27.5,3,1025000
3351,1,4,79,1.77,3,4,1,20.4,9,1130000
1109,4,3,74,0.18,1,10,0,36.9,3,449000
3508,3,1,21,1.93,2,2,0,21.9,5,503000
2791,3,4,35,0.18,3,1,0,4.6,6,720000
1071,2,2,22,1.19,0,5,0,37.4,1,285000
4442,3,3,62,0.46,1,6,1,5.8,9,1230000
4886,6,2,25,2.08,3,2,0,40.0,7,1041000
2622,3,3,59,0.85,2,3,0,17.7,1,512000
4073,4,2,94,1.19,2,10,1,3.4,6,1050000
1320,4,1,92,1.13,2,3,0,34.6,7,399000
1776,4,3,4,1.95,0,2,0,4.2,5,501000
4522,3,2,53,1.25,1,4,0,7.4,5,1017000
4351,4,4,37,1.99,2,5,0,17.0,7,740000
4905,5,2,61,0.28,1,8,0,27.2,3,966000
3573,1,3,24,0.56,2,6,1,5.3,3,691000
3352,3,4,97,1.42,2,9,0,25.1,1,667000
3632,3,3,11,2.37,0,3,0,31.3,8,980000
4707,3,2,21,0.28,2,10,0,5.4,2,1020000
952,3,2,8,0.2,0,9,0,26.1,3,383000
3764,4,2,83,0.48,0,4,0,38.4,7,797000
3716,2,4,28,1.64,2,8,0,38.7,10,1040000
3600,4,3,43,1.06,3,10,1,6.9,10,775000
2552,4,4,92,2.08,1,7,0,30.5,8,674000
3410,3,1,26,0.27,2,7,0,33.9,9,815000
4675,4,2,54,0.57,2,9,0,35.6,8,1146000
1904,3,1,80,0.82,1,10,0,13.3,7,549000
3336,5,3,4,1.6,2,2,1,11.2,10,1207000
4999,3,1,51,1.74,3,5,0,2.4,1,1065000
4654,4,1,12,0.4,2,3,1,16.3,1,724000
4294,5,3,41,2.37,1,7,0,5.4,8,1013000
2714,3,2,14,0.92,2,3,0,31.6,7,774000
3872,2,3,78,1.81,2,5,0,6.1,2,780000
1806,4,2,17,1.36,0,5,0,32.8,9,570000
1206,3,2,49,0.63,0,2,0,4.8,10,390000
966,5,2,1,2.13,1,1,0,19.5,7,285000
1308,6,4,86,2.06,1,6,1,15.7,9,556000
2461,3,2,12,1.05,1,1,1,24.3,1,526000
4464,3,2,67,1.51,2,9,1,21.0,3,1257000
4289,3,2,46,0.72,1,10,0,24.1,10,1208000
1480,3,2,88,1.76,3,5,0,0.5,2,388000
3324,4,4,74,0.84,2,1,0,5.5,6,561000
2920,4,1,49,2.13,3,8,0,20.9,10,943000
2163,3,4,11,0.62,2,1,0,9.6,4,593000
2131,1,2,12,0.14,0,4,0,3.5,2,517000
3092,3,4,8,0.74,2,7,1,9.1,2,727000
2338,3,3,58,0.56,3,4,1,31.3,6,622000
4208,5,3,44,1.32,1,5,1,21.9,9,898000
1360,2,3,69,0.59,0,7,1,8.0,6,400000
1899,5,2,42,1.93,1,4,0,1.1,4,557000
2703,4,3,73,0.68,1,5,0,14.6,9,654000
974,4,2,22,1.8,1,7,1,14.6,2,418000
2956,3,2,78,1.49,1,1,0,29.5,6,520000
3030,4,3,44,2.47,1,3,0,36.8,7,639000
4960,4,2,22,2.5,2,1,0,15.2,3,976000
4720,4,3,100,2.19,1,3,0,27.7,4,809000
2297,3,2,33,1.92,2,2,1,25.6,7,796000
4654,3,2,15,1.03,2,5,1,17.2,9,1125000
3971,4,4,62,1.91,2,10,0,3.1,5,967000
2367,2,3,50,2.4,1,5,0,19.2,2,688000
1951,3,3,31,0.16,2,10,0,14.5,8,485000
1168,6,3,37,1.39,0,9,0,22.2,9,636000
842,1,4,55,0.62,2,8,0,5.5,2,439000
2707,3,2,68,1.44,2,3,1,29.1,10,704000
4290,3,3,16,1.22,1,1,0,31.6,10,823000
3335,4,2,85,1.48,1,5,1,15.8,1,800000
4973,2,1,38,1.42,1,3,0,7.4,4,991000
3673,4,1,40,2.4,0,5,0,25.1,1,850000
2624,2,2,47,1.43,1,9,0,38.3,1,542000
2093,2,3,81,2.13,3,1,0,28.2,5,566000
4186,4,4,27,0.87,1,1,0,5.4,7,835000
3772,3,3,76,1.15,2,9,1,16.2,3,708000
4722,6,3,49,1.23,2,3,0,36.7,7,1247000
1792,1,1,0,0.77,2,10,0,25.6,5,704000
3186,3,2,49,1.01,3,5,0,6.3,10,1072000
3040,2,2,18,1.54,3,9,0,29.1,8,869000
2276,3,3,97,1.49,2,5,0,14.5,7,674000
4207,6,1,58,1.63,3,3,1,19.8,1,1066000
1189,5,2,67,0.94,1,9,0,16.9,1,429000
1799,1,4,66,0.86,2,7,0,29.2,7,412000
2655,4,3,40,1.57,3,7,0,9.1,6,863000
1458,4,3,9,0.42,2,8,0,15.8,9,684000
3563,3,3,27,0.71,3,5,0,29.9,8,908000
4463,2,2,33,0.2,1,2,1,28.3,6,854000
2281,5,1,38,0.27,2,9,0,8.5,6,656000
4531,6,3,82,0.68,3,3,0,14.4,9,884000
1251,6,3,55,0.15,1,2,0,1.1,4,455000
3275,4,3,51,0.69,2,10,0,21.4,9,483000
4022,4,2,99,1.67,0,10,0,11.6,8,679000
2337,3,3,2,0.25,2,5,0,1.0,3,497000
3893,2,1,22,1.15,3,8,0,17.3,4,646000
1682,2,1,16,2.29,1,3,1,37.1,7,507000
4868,4,2,70,2.0,0,6,0,37.0,3,988000
3366,4,2,25,0.83,0,9,0,15.2,3,887000
4077,5,1,17,2.32,3,2,0,18.2,8,784000
1174,5,1,45,0.89,2,8,0,10.1,5,387000
4497,5,3,69,0.27,1,10,0,3.2,5,1058000
3862,6,3,30,2.49,0,7,0,27.9,8,1048000
4050,3,2,92,2.19,3,3,0,32.1,6,871000
912,4,2,8,1.22,3,1,0,35.3,5,304000
3997,4,4,34,1.7,1,6,0,37.4,1,978000
3178,3,1,80,1.71,1,2,0,36.7,5,580000
2724,6,2,59,0.57,2,3,1,1.6,8,633000
939,5,3,75,0.58,2,5,0,39.1,9,356000
2224,2,1,62,1.23,3,8,0,15.5,6,556000
3749,1,3,99,2.29,2,2,0,35.5,10,638000
3968,4,3,51,0.12,2,6,1,17.9,3,1044000
1316,4,4,47,1.98,2,1,1,17.2,8,573000
3416,5,4,60,0.24,3,7,0,0.9,5,749000
1687,3,4,23,1.25,1,4,0,2.6,2,514000
3904,2,1,73,1.63,1,1,1,27.0,1,726000
849,3,4,57,1.75,1,9,0,37.5,8,334000
4751,1,1,63,0.24,3,9,0,9.4,2,1053000
4360,1,3,29,1.1,2,3,0,4.2,3,1167000
818,5,3,28,1.5,1,6,0,8.9,9,553000
2273,3,2,9,0.26,2,7,1,8.9,1,673000
4861,3,3,38,0.42,1,4,0,12.1,8,772000
3406,1,1,54,1.69,0,6,0,4.2,2,456000
1251,3,2,27,1.35,1,9,0,9.8,8,543000
4565,5,4,17,0.49,2,10,0,36.9,2,1155000
3238,4,2,40,1.38,2,6,0,35.7,7,767000
2349,4,1,80,2.29,3,7,0,13.0,3,770000
4274,3,2,74,0.14,3,6,0,39.9,4,870000
927,3,4,64,1.64,2,7,0,12.3,1,390000
3561,3,1,80,0.28,2,1,0,29.0,10,772000
2215,3,2,99,0.12,0,6,1,25.9,1,480000
1001,5,4,99,0.46,0,9,0,3.0,10,377000
3169,3,1,45,1.11,1,3,0,14.0,8,590000
1317,4,2,59,2.03,2,6,1,38.1,8,494000
2141,2,3,8,0.78,1,4,0,2.5,2,750000
2788,4,2,44,1.6,1,7,0,7.4,4,823000
4345,5,3,59,1.09,2,7,1,38.9,2,806000
4602,4,1,27,0.66,1,9,0,2.1,8,1594000
4075,4,4,96,1.33,2,4,1,18.1,7,1007000
4454,6,4,2,2.01,2,8,0,36.8,7,947000
3234,4,2,50,2.1,1,8,1,37.8,10,834000
1007,3,1,7,2.13,0,8,0,39.2,3,398000
3433,3,4,69,0.91,1,8,1,19.5,5,743000
4917,4,2,58,2.0,0,6,1,3.9,1,1223000
953,4,3,60,0.61,2,8,0,31.0,10,480000
4166,3,3,57,1.87,2,6,0,28.5,4,1029000
2318,3,3,69,2.38,1,10,1,23.4,4,715000
3400,6,3,92,0.13,1,2,0,35.6,1,548000
2995,2,2,100,1.16,3,3,0,36.5,7,534000
4354,3,2,11,1.65,1,6,1,27.5,5,1004000
3214,2,4,8,1.78,1,7,0,4.9,1,750000
3649,5,3,48,0.52,2,4,1,4.3,5,883000
2542,2,3,82,2.43,2,1,1,16.6,8,574000
2106,4,4,16,1.58,2,4,1,12.1,10,619000
4649,2,3,53,0.49,2,6,0,5.8,8,957000
4968,4,2,43,0.15,0,8,0,24.6,2,708000
4995,5,3,31,1.98,2,4,1,27.5,1,1290000
3355,3,2,34,0.29,1,10,0,28.1,2,844000
3105,4,1,77,0.44,2,1,0,7.4,6,566000
1888,3,2,48,1.48,3,5,1,12.6,5,463000
3442,3,3,53,1.55,1,7,0,8.4,4,828000
1977,5,4,15,1.75,0,6,0,24.3,8,706000
3794,3,2,84,1.04,1,3,0,22.9,5,742000
1359,4,2,11,1.96,1,7,0,20.4,4,495000
3764,3,3,87,2.44,1,4,0,12.2,8,849000
2071,3,3,97,0.75,2,5,0,9.9,1,621000
2613,3,3,7,1.79,3,7,1,35.7,9,796000
3715,4,3,20,2.33,1,2,0,2.4,2,979000
1409,3,3,47,1.75,1,4,0,26.4,8,480000
3261,4,2,7,1.73,1,4,0,1.3,9,854000
4920,3,2,27,0.64,1,6,0,8.2,10,1101000
1083,1,2,79,1.38,1,7,0,11.9,8,378000
3728,4,4,9,1.45,2,4,1,35.5,9,989000
1891,5,1,51,1.78,0,10,1,5.9,4,771000
1616,2,3,14,2.49,3,1,0,37.5,2,541000
882,4,2,3,0.18,2,1,1,32.7,3,419000
2720,3,2,89,0.26,2,5,0,27.3,8,537000
4291,4,2,78,0.29,1,1,1,16.8,5,794000
3944,5,2,99,1.88,2,3,0,36.3,4,984000
2893,5,2,95,0.43,2,9,1,21.4,3,621000
975,4,3,61,1.59,1,3,1,15.2,3,390000
3504,3,2,3,0.88,1,3,1,23.6,10,704000
1169,5,3,40,1.2,3,9,0,9.7,10,683000
2618,4,2,72,0.62,1,5,0,11.3,7,723000
2901,2,2,98,2.18,2,8,0,36.8,8,868000
4290,3,2,54,1.51,1,10,0,31.9,5,811000
2579,5,4,27,2.37,0,9,0,20.8,8,737000
2164,5,2,100,1.48,1,6,0,17.0,9,724000
4142,2,2,46,0.4,1,7,0,32.4,4,450000
4476,4,4,8,0.51,2,7,0,23.0,2,930000
3226,5,2,1,2.47,2,7,0,16.9,5,1063000
872,3,3,66,1.84,2,4,0,20.9,2,261000
3762,3,2,47,0.22,2,2,0,9.7,10,679000
1659,4,3,68,1.79,1,2,0,8.5,2,521000
4656,3,2,73,1.09,2,7,1,39.6,6,679000
4938,2,4,27,0.84,2,10,0,38.8,10,806000
3224,4,3,78,0.47,2,7,1,17.1,10,953000
1864,5,2,13,2.12,2,10,0,20.9,1,879000
3017,4,1,45,0.25,2,7,1,33.2,2,858000
4817,4,2,86,0.8,0,8,1,29.2,5,586000
3059,3,3,12,0.84,2,3,0,4.4,10,1003000
4551,2,2,15,0.49,1,5,0,15.3,5,950000
2886,4,2,93,1.32,2,6,0,10.4,10,643000
1168,3,3,39,0.13,1,8,0,39.7,3,353000
3604,5,2,71,0.82,3,8,0,30.1,5,938000
950,2,2,80,2.34,2,10,1,2.4,9,626000
1934,3,2,29,0.85,2,3,0,36.1,2,563000
3584,3,3,80,0.97,2,4,1,37.2,6,686000
4964,5,4,98,1.24,3,6,0,13.7,8,1008000
3146,2,2,64,1.45,2,4,0,25.9,3,726000
3050,1,3,57,2.04,1,10,0,27.4,2,659000
860,3,1,87,0.56,3,4,0,29.3,1,266000
3810,5,2,47,2.19,2,5,1,27.9,1,729000
4701,3,2,48,1.92,2,10,0,22.6,4,1398000
2137,3,2,88,1.83,3,7,1,38.2,6,802000
1984,2,2,1,0.31,1,2,1,20.7,7,497000
2351,4,4,88,0.15,1,2,0,4.9,8,556000
2429,2,4,13,1.53,2,10,0,3.7,8,889000
2127,3,1,96,2.17,2,9,1,1.2,10,708000
2326,3,2,16,1.5,2,4,0,17.4,1,518000
2473,4,4,30,0.61,2,5,0,11.3,8,753000
2161,4,2,9,0.32,2,3,0,35.9,10,473000
2373,4,3,69,1.78,2,2,1,34.8,1,672000
3486,5,2,88,1.83,3,10,0,33.6,3,1053000
3166,6,2,36,0.51,1,8,1,34.8,5,988000
4557,3,2,63,0.17,2,4,1,12.3,10,1182000
3234,4,4,29,1.08,2,1,0,17.3,10,888000
2793,4,4,33,1.5,2,6,0,12.8,8,716000
1669,5,2,17,1.79,1,6,0,3.9,8,531000
1814,3,3,87,2.04,0,2,0,37.0,6,322000
2711,4,2,62,1.57,2,2,0,24.8,4,631000
1402,3,1,48,0.37,1,8,0,5.7,4,382000
4621,5,3,55,1.74,1,7,1,8.6,8,1145000
1490,3,3,90,2.46,1,2,0,18.3,3,407000
1293,3,2,57,2.27,2,10,1,2.5,8,658000
1289,3,2,26,2.19,2,1,0,11.2,4,445000
3356,3,4,54,0.83,2,8,1,28.3,10,1274000
1094,4,4,84,1.9,1,10,0,36.9,9,524000
4827,2,3,18,2.14,2,2,1,37.2,2,1036000
3643,3,1,22,1.73,2,5,0,21.0,10,1045000
3712,5,3,46,0.7,1,6,0,12.8,1,935000
2517,3,2,78,2.39,0,10,0,36.9,4,713000
3396,4,4,65,1.18,3,1,0,31.6,9,790000
2673,2,1,98,0.41,2,2,0,23.7,7,499000
4058,3,2,50,0.36,2,10,1,33.5,9,722000
3617,5,2,83,1.65,0,4,0,18.6,9,965000
1244,4,3,27,1.15,3,2,0,4.9,10,506000
4441,3,3,56,0.33,2,6,0,37.6,9,1055000
1541,6,2,57,1.88,3,4,1,21.6,9,602000
2841,5,3,14,2.02,3,3,0,28.0,7,1173000
1479,6,3,15,1.84,3,6,0,16.0,8,611000
3267,3,1,96,0.59,3,9,0,5.9,2,1005000
4497,2,3,46,1.76,0,8,1,11.2,9,1046000
2158,4,4,62,0.13,3,2,0,2.2,2,616000
862,4,1,11,0.83,0,3,0,4.0,8,401000
3359,2,1,42,1.06,3,2,0,8.6,2,855000
4569,4,2,83,2.1,1,10,0,22.7,8,1054000
934,1,1,28,1.04,2,7,0,39.7,3,372000
4444,3,2,48,0.13,0,9,0,33.8,2,879000
2935,3,3,2,0.95,2,1,1,3.9,6,849000
4078,4,3,68,1.3,1,3,0,33.8,6,685000
1622,3,2,59,2.38,2,6,0,21.7,1,333000
3874,5,3,65,2.36,3,4,0,26.6,7,974000
3781,4,3,86,0.53,2,10,0,5.6,1,1152000
920,4,4,89,0.54,0,10,0,16.1,4,393000
2437,6,1,25,0.49,2,1,0,35.4,6,627000
1724,4,3,70,1.99,0,9,0,17.3,8,474000
1444,6,4,73,0.11,2,7,1,5.5,8,577000
2832,1,2,68,0.41,3,7,0,12.8,10,735000
3561,3,2,46,1.39,2,1,0,9.3,7,760000
2868,2,2,75,0.69,1,9,0,27.6,5,769000
1041,3,4,95,0.32,1,8,0,36.5,6,269000
3468,5,2,41,0.96,3,10,1,29.5,8,963000
1602,1,4,30,0.76,1,5,1,33.8,3,444000
4964,4,3,21,1.33,2,4,0,32.3,6,905000
995,4,2,16,2.45,2,1,0,1.1,4,406000
2987,4,3,83,0.4,2,9,0,5.4,3,786000
4315,3,1,19,0.99,3,8,0,17.2,3,1016000
3130,4,2,7,2.34,1,2,1,4.9,4,790000
3159,2,3,97,2.2,2,4,0,29.5,6,530000
4406,3,3,48,1.05,2,4,0,3.3,1,872000
1076,4,2,86,1.78,1,7,0,16.9,2,452000
860,4,3,37,0.31,1,3,1,16.0,4,291000
4190,3,2,52,1.81,2,8,0,22.0,10,898000
2713,5,2,27,2.43,1,7,0,25.4,9,669000
4727,3,2,76,1.39,3,10,0,37.9,8,877000
3391,3,2,28,1.3,0,4,0,11.2,10,769000
1366,1,4,71,0.55,0,9,0,26.8,8,422000
4735,4,3,10,1.62,1,6,0,1.9,7,980000
2371,4,2,46,1.52,1,3,0,0.5,6,628000
2000,2,2,44,1.66,2,7,0,1.5,7,505000
3654,3,2,17,0.16,1,6,0,18.2,6,1080000
3695,4,2,49,1.42,2,8,0,22.4,3,795000
2036,3,3,88,1.53,3,5,1,0.7,6,611000
936,3,4,48,0.6,2,6,0,16.2,7,445000
1829,4,3,21,0.6,1,1,0,2.1,6,454000
2956,2,2,44,0.76,3,8,0,26.3,2,858000
3394,5,2,60,1.81,1,1,0,25.4,6,719000
1461,2,1,98,1.56,2,3,0,31.5,2,178000
3272,4,1,92,2.13,2,2,0,22.1,1,491000
3477,3,2,20,0.81,1,6,1,25.1,10,800000
3108,5,2,70,2.29,3,8,1,11.5,10,1037000
886,2,2,60,1.88,1,8,0,3.9,10,585000
3312,4,3,75,1.05,2,7,0,29.6,5,751000
3742,4,3,35,0.33,1,7,0,24.7,4,1046000
3573,3,2,23,0.72,2,8,0,37.6,9,985000
3304,3,3,31,2.4,2,5,0,39.6,9,1106000
4110,4,2,90,0.84,1,3,0,34.0,9,700000
2500,5,2,95,0.89,2,2,0,39.4,3,437000
4470,2,3,58,0.56,2,3,0,26.1,10,927000
3500,1,2,95,2.04,2,3,0,4.1,3,605000
4429,5,4,95,0.76,2,7,1,4.0,3,1119000
2447,2,1,89,0.89,2,1,0,32.4,10,379000
4118,6,3,74,1.09,0,7,1,9.9,5,739000
4487,4,3,81,1.14,2,6,0,2.9,6,972000
1396,4,3,4,1.09,2,10,0,19.2,6,828000
1284,2,3,15,1.31,2,2,0,12.9,3,476000
1445,3,3,10,2.05,3,10,1,23.7,2,792000
3889,4,3,34,2.07,0,1,0,24.2,6,995000
1520,5,2,74,2.02,1,9,0,27.4,4,567000
1298,6,2,41,0.34,1,2,1,23.3,9,447000
2473,2,3,86,2.02,0,4,0,15.5,2,623000
3867,2,3,97,0.39,1,9,1,1.4,4,994000
914,2,4,80,0.4,3,9,1,36.3,2,384000
3779,5,2,9,2.37,1,1,0,13.4,5,748000
2536,3,2,81,2.07,2,2,1,20.5,3,570000
4411,1,3,7,1.43,1,2,0,22.5,4,998000
3053,3,4,25,2.2,2,2,1,12.9,9,731000
3094,3,4,2,2.47,3,8,0,12.7,10,1040000
4430,6,2,58,1.57,1,8,0,10.8,5,1156000
946,4,1,87,1.57,3,10,1,10.1,9,552000
4782,3,2,2,1.91,3,8,0,1.7,5,1238000
4253,3,2,37,0.66,2,4,1,38.3,10,999000
3210,3,4,1,0.5,1,8,0,24.0,9,998000
936,1,2,98,1.92,2,7,0,4.8,8,421000
4160,2,2,16,0.93,3,8,1,23.9,1,967000
3805,4,2,72,0.42,1,1,0,9.7,3,785000
4352,2,2,35,0.86,2,3,1,12.8,5,566000
818,3,3,85,0.96,1,10,0,32.1,3,418000
3042,3,1,94,2.42,1,6,1,35.5,10,780000
1248,4,2,97,1.78,3,1,1,28.1,1,410000
2748,4,4,87,1.37,2,4,0,37.3,2,639000
1745,4,2,72,2.43,1,9,1,36.2,2,481000
2720,4,3,1,2.27,2,7,0,22.3,4,843000
3777,4,2,84,1.33,1,1,1,36.4,6,599000
4988,1,3,33,2.27,1,6,0,22.0,2,1187000
4815,5,1,26,1.07,2,6,0,4.6,6,682000
1038,2,2,36,0.65,2,2,0,33.3,1,209000
1004,3,2,70,0.66,1,6,0,5.7,8,339000
3407,4,2,21,1.69,0,10,1,13.0,3,699000
4188,3,2,67,1.3,2,2,0,15.5,8,800000
3772,5,2,13,1.68,3,8,0,32.4,3,901000
3487,3,3,97,1.75,3,7,0,3.8,1,902000
4966,5,4,22,0.15,1,6,0,18.1,4,764000
2148,5,1,43,0.23,2,10,0,17.8,3,601000
1616,6,2,88,1.38,3,6,0,23.5,8,582000
1620,5,3,64,0.56,2,9,0,14.5,1,482000
992,5,3,78,1.62,3,9,1,23.3,9,454000
2576,4,1,95,1.43,3,10,1,39.4,9,822000
4445,3,2,77,1.51,1,10,0,3.3,6,1096000
1050,2,2,60,0.83,1,2,0,35.0,5,175000
2588,4,2,84,1.64,1,3,1,12.7,5,572000
4500,6,4,54,2.09,1,10,1,18.9,6,1057000
3263,4,3,70,2.5,3,7,1,29.8,7,1139000
1967,5,3,99,2.11,3,10,0,36.4,8,485000
4693,5,2,84,1.44,0,9,0,0.9,3,927000
1896,2,1,49,0.56,2,6,0,26.7,10,606000
3479,3,4,11,1.74,2,1,1,3.2,1,831000
2647,3,1,78,2.35,1,7,0,21.3,5,740000
4704,2,2,14,0.61,2,1,0,30.1,1,592000
1304,4,2,16,0.71,3,5,0,7.2,2,422000
2421,6,3,33,0.46,1,9,0,30.7,8,716000
3272,4,2,34,1.87,1,10,0,12.7,3,940000
3346,3,2,38,1.08,0,10,0,24.6,10,864000
2187,1,4,77,0.25,1,9,0,26.5,4,608000
3794,3,3,54,2.2,1,1,0,26.1,6,723000
4616,4,1,58,1.44,2,6,1,1.2,8,857000
1517,3,3,4,0.89,2,3,0,6.5,1,553000
4284,2,2,29,0.93,2,9,1,34.3,2,746000
1458,3,2,3,0.8,1,3,0,37.6,6,379000
4808,3,3,14,1.19,1,2,0,22.8,8,787000
4564,5,2,34,0.91,3,8,0,24.1,8,1123000
3789,2,2,73,1.42,3,3,0,30.3,3,717000
2904,1,3,54,1.96,1,5,0,16.5,4,556000
2055,1,4,65,1.72,1,6,0,13.5,10,551000
3282,3,2,59,0.81,3,10,0,30.8,4,773000
1183,4,1,23,1.37,0,10,1,1.6,4,647000
3407,4,2,91,2.12,1,1,1,35.5,2,625000
993,3,2,21,0.26,2,7,0,17.9,6,495000
4607,4,2,43,0.29,1,7,1,20.4,8,1096000
4519,3,2,31,1.43,1,5,0,25.6,9,970000
3381,4,3,94,1.63,2,9,1,11.3,1,869000
3365,1,1,82,0.61,2,2,0,24.1,1,525000
3563,3,2,50,1.89,3,5,0,27.9,9,1051000
3598,4,2,84,1.65,3,2,0,5.2,4,818000
3139,5,2,2,2.32,0,2,0,21.1,7,982000
4206,4,4,69,0.51,1,9,1,13.5,2,1155000
1531,3,2,31,1.9,2,7,0,22.5,10,602000
3672,3,4,1,0.3,2,4,0,1.3,1,845000
3920,6,4,87,1.46,1,8,0,29.8,7,689000
4977,2,3,58,1.42,1,4,0,7.2,6,827000
3404,2,1,90,1.03,1,1,1,27.7,3,652000
3182,2,4,72,2.13,2,10,1,30.9,10,1054000
1331,3,1,76,0.11,1,3,1,30.2,4,215000
1434,3,1,13,1.35,3,10,0,32.8,1,683000
2569,3,2,50,0.62,1,1,0,12.7,7,652000
4604,3,2,10,1.88,3,2,0,38.7,9,1161000
3170,5,2,77,0.2,3,2,0,1.4,1,703000
802,1,2,79,2.1,2,7,0,19.5,2,367000
1005,3,2,9,2.11,2,4,0,11.2,2,450000
4935,4,3,83,2.1,2,10,1,29.7,6,1031000
3421,4,2,79,0.47,1,9,0,32.3,5,877000
3690,3,2,57,1.61,1,2,0,33.0,6,682000
3993,5,4,33,0.13,2,9,0,12.2,1,413000
3466,2,2,79,2.14,2,6,0,11.3,6,867000
4106,5,3,77,1.84,2,10,0,27.2,6,839000
1697,3,4,52,1.37,2,8,0,37.2,7,612000
1885,2,1,27,1.85,2,7,1,10.5,2,783000
2079,5,2,17,0.33,2,8,1,36.5,6,918000
1470,4,4,25,1.37,2,9,1,23.9,9,802000
2305,2,4,6,0.8,2,8,0,29.6,9,912000
4375,1,3,44,2.43,3,6,0,17.9,2,1075000
2755,2,1,97,2.16,2,8,0,32.4,5,704000
1049,4,4,44,1.86,2,8,0,38.8,7,614000
2692,2,2,70,2.34,2,2,0,7.2,5,516000
4239,3,2,96,0.93,2,2,1,15.7,3,633000
2653,1,2,34,2.26,2,1,0,34.6,1,611000
3654,4,2,51,0.88,0,10,0,7.5,7,944000
2303,5,3,20,1.86,3,2,1,16.8,8,776000
4185,4,3,27,1.87,0,7,0,7.1,6,928000
4371,2,3,95,0.14,1,3,0,26.1,7,719000
4592,5,1,43,0.97,1,4,1,9.9,9,1205000
4226,4,3,79,0.15,0,4,0,15.5,2,662000
843,5,3,55,2.49,2,4,1,19.9,5,485000
4412,3,2,9,0.39,2,2,0,12.2,3,785000
3418,3,4,22,1.4,3,6,1,27.4,2,688000
3963,4,3,47,2.0,1,1,0,4.9,3,832000
2088,2,3,51,0.58,1,5,0,35.3,4,543000
3742,4,1,14,1.26,1,2,0,19.5,2,634000
1019,5,3,54,1.56,2,9,0,23.1,2,453000
2725,5,4,42,0.48,3,2,1,25.1,8,617000
3772,6,2,49,1.97,2,6,0,2.9,3,944000
4313,4,3,5,0.82,1,4,1,30.4,3,879000
3248,3,2,32,0.61,3,6,0,37.9,4,512000
4271,1,3,61,1.44,1,2,1,21.0,5,786000
3574,3,3,54,1.08,2,2,0,15.9,3,845000
1790,4,3,38,2.31,2,7,0,31.5,6,749000
3746,3,4,11,2.21,0,3,1,29.0,10,1097000
2612,2,2,99,1.26,1,3,1,26.2,3,429000
1603,4,2,30,0.96,0,7,1,38.6,8,458000
1289,4,3,73,0.88,3,8,0,23.5,4,459000
4356,6,2,52,0.74,2,7,0,10.3,5,1142000
2293,4,2,33,1.41,3,3,0,1.5,3,740000
4445,4,1,40,2.03,2,3,1,18.4,5,961000
3691,4,1,9,0.85,2,7,0,26.3,7,1055000
2505,6,3,51,0.56,2,3,0,7.3,3,700000
4316,4,3,74,1.24,3,2,1,1.5,3,859000
4140,5,1,56,0.27,0,7,1,36.4,1,766000
853,5,2,77,1.78,1,3,1,12.4,2,284000
3375,5,1,2,1.34,2,5,1,18.9,4,864000
4391,3,2,56,1.29,3,7,0,4.1,9,950000
1415,2,1,32,0.82,3,2,0,15.6,3,342000
1754,2,2,6,2.27,2,8,1,17.2,10,674000
3233,2,3,3,0.32,1,2,0,36.2,5,823000
2429,2,3,38,2.19,1,4,0,34.7,9,594000
3581,2,2,47,1.0,3,4,1,8.0,4,1033000
1449,3,3,73,2.21,2,8,1,22.5,4,579000
3147,4,4,78,1.85,1,1,1,29.4,6,663000
4078,4,2,15,0.35,3,9,0,12.0,7,1133000
3440,3,2,37,2.1,1,6,0,16.1,6,534000
4601,4,3,3,1.74,2,4,1,39.4,4,1363000
3361,4,2,3,0.18,2,6,0,30.5,7,954000
4049,4,3,99,0.42,0,6,1,17.8,10,893000
1170,5,3,26,1.63,1,9,1,21.6,3,676000
1657,2,2,85,1.69,1,4,0,25.2,3,379000
1183,2,3,85,1.89,2,8,1,20.2,7,478000
4677,3,3,16,1.83,2,1,0,16.8,6,980000
3352,2,1,97,1.68,0,6,0,14.7,2,579000
3525,4,2,95,1.94,3,5,0,7.2,1,662000
4834,3,4,69,1.48,1,3,1,39.0,6,892000
4093,3,4,53,0.73,1,4,0,4.1,9,947000
4788,2,3,96,2.29,1,8,0,24.2,3,1000000
1722,3,4,7,0.14,1,10,0,38.4,9,806000
3715,4,2,52,0.98,3,2,1,15.3,6,804000
3750,4,2,99,1.85,1,8,0,10.5,4,736000
3846,2,2,4,1.13,2,7,0,38.2,10,761000
1774,2,1,68,0.16,3,1,0,32.2,10,426000
2030,1,3,46,0.26,2,2,1,26.4,10,665000
3235,1,4,73,1.66,1,7,0,24.7,2,665000
2614,5,3,39,2.42,3,3,1,14.7,9,757000
3734,1,3,6,1.42,2,2,0,25.8,5,912000
2163,4,2,11,1.32,1,1,0,29.1,5,449000
4740,5,2,93,0.86,2,7,0,1.8,2,1204000
1003,2,2,24,0.72,3,3,0,5.1,5,426000
960,3,3,27,0.15,2,6,0,12.9,6,494000
1568,6,2,42,0.76,2,10,1,13.3,2,662000
4548,5,4,76,1.18,3,8,0,36.1,1,613000
3381,3,4,46,0.58,2,6,0,27.5,6,798000
1893,4,1,48,0.31,1,7,0,15.3,9,543000
1407,5,1,85,1.82,1,6,1,32.5,9,522000
2340,3,3,53,2.25,2,7,1,13.3,9,922000
3675,5,2,17,2.35,1,5,0,39.6,5,920000
3991,3,3,26,1.58,3,9,0,31.4,10,949000
2637,4,3,71,0.23,2,3,0,32.4,1,650000
1489,6,2,5,1.88,2,6,1,10.8,3,675000
4559,5,2,74,0.36,2,9,0,6.2,8,1247000
3749,3,2,92,1.71,2,1,0,15.9,9,837000
2903,1,4,68,1.97,1,5,0,13.7,4,574000
1165,4,1,70,1.84,0,4,1,30.9,3,398000
4375,4,4,21,2.38,2,9,0,7.4,2,1267000
4999,4,3,58,1.87,3,1,0,21.3,5,1003000
4972,6,3,46,1.76,2,4,0,25.3,2,960000
3178,5,1,67,0.73,1,1,0,15.7,9,726000
2005,3,3,31,2.32,1,3,1,8.4,10,789000
4639,2,3,82,0.53,3,4,0,35.9,9,847000
3535,3,2,96,2.27,3,1,0,6.0,3,766000
4147,4,3,0,0.85,1,5,0,12.5,4,909000
2475,4,3,53,0.41,2,6,0,30.4,9,618000
1098,4,4,45,2.08,2,1,0,24.4,1,406000
1756,3,2,40,0.11,2,10,0,29.4,7,674000
1914,3,3,40,2.1,3,10,0,32.4,2,728000
3305,3,2,7,0.73,0,4,0,35.9,9,725000
2274,4,3,31,2.22,2,4,0,12.5,3,552000
4526,2,4,29,1.76,1,1,0,19.2,6,872000
4271,3,2,45,1.7,1,2,0,27.7,5,865000
3628,3,2,91,0.98,2,10,0,31.9,2,1030000
3650,4,3,51,0.24,0,5,0,23.3,9,676000
3306,2,1,95,2.09,2,2,0,20.8,3,584000
4570,5,2,88,0.51,1,3,0,27.8,6,803000
3764,4,2,97,0.99,2,9,0,15.6,9,589000
1749,4,4,60,1.54,1,5,0,35.8,8,494000
3650,4,4,96,1.26,2,1,1,8.9,10,676000
965,3,3,12,0.58,2,5,0,35.4,5,402000
4286,3,3,88,0.44,3,3,0,25.9,6,1008000
3309,6,3,39,0.4,3,1,1,24.2,3,842000
1719,4,2,60,2.17,1,3,1,19.1,5,533000
913,6,2,43,0.18,0,6,0,6.6,6,549000
4304,4,3,61,2.44,2,10,0,34.7,3,1221000
1791,2,4,43,0.58,2,5,1,2.6,10,586000
4639,2,3,47,0.36,0,1,1,11.2,2,605000
2058,4,3,73,1.48,1,2,1,4.8,10,397000
4226,3,3,58,0.29,2,5,0,4.7,9,817000
1314,3,2,56,1.55,3,9,0,15.9,7,538000
3996,5,3,94,2.14,3,5,0,6.8,4,1120000
3384,3,2,10,0.21,1,5,0,23.5,3,876000
867,3,2,24,2.02,1,1,0,25.3,4,369000
2396,5,3,60,1.05,0,5,1,35.3,9,597000
818,5,3,45,0.48,2,8,1,12.3,9,554000
3530,3,2,53,0.52,2,9,0,12.7,6,812000
4321,5,3,33,2.31,2,10,0,10.2,9,1560000
1372,5,3,83,0.37,2,3,0,31.4,9,376000
3058,3,3,6,2.18,0,4,0,17.4,6,683000
3702,2,4,96,1.41,1,7,1,22.3,5,894000
1450,1,2,61,0.19,3,7,0,15.3,3,386000
3387,4,4,56,1.21,1,1,0,6.7,1,750000
4062,3,3,98,2.06,1,6,0,4.5,4,892000
2138,6,3,92,1.84,2,9,1,34.8,1,576000
4434,4,3,75,1.27,2,5,0,11.0,1,852000
3627,4,2,4,2.16,3,8,0,37.7,6,849000
3017,6,1,75,0.39,1,10,0,37.9,5,819000
4339,5,3,92,2.28,2,9,1,19.4,7,1044000
1837,3,2,34,2.13,2,10,0,38.4,1,587000
4778,2,3,83,1.8,3,10,1,1.6,1,1243000
3761,4,2,36,2.06,2,3,0,4.1,8,995000
4026,3,2,59,1.41,3,1,0,10.1,6,857000
1898,3,2,64,1.72,1,2,0,8.8,8,581000
3124,4,3,15,1.45,2,5,0,10.5,6,829000
1739,5,2,29,0.95,2,10,1,18.4,6,627000
4516,3,3,72,1.47,0,7,1,3.0,10,1066000
4214,4,2,41,0.72,0,6,0,22.4,7,883000
2248,3,3,60,1.16,2,4,0,12.7,2,683000
1370,4,1,73,0.77,1,9,1,3.3,3,497000
3704,1,2,76,0.39,3,4,0,30.3,4,858000
3305,5,3,47,0.87,2,3,0,26.3,1,576000
1717,1,3,61,2.14,0,5,0,31.8,9,465000
2674,4,2,83,1.01,2,4,1,37.6,9,611000
2478,1,4,92,1.9,1,2,0,23.6,4,470000
1415,3,2,63,0.52,2,3,0,31.6,1,381000
2549,3,2,56,1.12,2,7,0,8.4,1,605000
4625,3,2,67,0.38,3,2,0,16.7,6,1012000
4988,2,2,45,0.43,2,1,0,21.4,2,850000
3277,3,2,27,1.58,3,2,1,21.9,1,744000
4305,4,2,100,1.56,2,8,1,28.9,10,787000
4275,4,3,76,0.61,2,8,0,31.9,2,1048000
1935,2,2,2,1.24,2,10,0,26.8,7,874000
4800,4,3,36,2.17,2,2,0,2.4,4,834000
1174,2,2,47,0.52,0,6,0,14.4,7,500000
1006,4,2,18,0.15,3,7,0,23.1,7,405000
2119,3,1,91,1.66,2,1,1,20.6,4,443000
1941,4,3,82,0.23,1,7,0,2.3,2,517000
3490,3,3,16,2.45,3,8,0,39.2,9,930000
4055,6,3,81,1.56,1,9,0,38.3,10,1119000
889,3,2,81,1.23,3,8,0,31.1,10,508000
4908,3,3,86,1.13,1,3,0,2.7,3,675000
3820,3,3,39,1.48,2,8,0,17.5,1,1097000
2657,5,1,49,0.32,2,3,0,16.7,8,796000
1604,4,2,72,2.33,2,6,0,22.5,4,570000
1744,4,2,28,1.6,1,4,1,2.7,9,613000
3589,5,3,50,0.54,1,7,0,17.2,8,904000
4675,5,1,41,1.45,0,8,0,30.4,7,955000
2410,4,3,28,0.42,3,10,1,39.9,9,949000
3723,2,2,65,0.14,1,6,0,24.0,2,513000
4682,5,2,16,1.61,2,10,0,37.7,4,1173000
4021,3,2,30,1.66,3,4,0,39.9,5,1019000
3187,4,3,91,1.5,3,8,0,17.7,5,776000
1741,4,1,51,0.54,1,7,0,26.9,1,489000
3366,4,1,38,1.55,3,10,1,8.9,9,745000
1775,4,3,59,0.24,1,8,0,19.3,9,507000
1754,4,2,93,1.56,2,10,0,3.6,5,650000
2062,6,2,98,1.43,2,7,0,1.7,10,717000
1743,2,2,50,1.67,0,3,0,35.8,3,342000
3002,3,2,83,2.25,1,3,0,34.4,8,653000
4127,4,1,15,2.14,2,9,0,12.8,7,1056000
3059,6,2,97,2.45,2,7,0,18.5,5,558000
2628,2,2,13,2.44,3,1,0,20.0,1,611000
2057,1,2,89,1.95,1,3,0,21.1,7,500000
1264,2,4,83,2.4,3,1,0,5.8,1,468000
4094,2,2,41,2.18,2,6,0,31.1,1,825000
2030,5,2,50,1.85,3,2,0,14.2,9,663000
3454,4,2,23,0.28,2,7,0,1.8,6,911000
1684,4,2,81,0.22,3,8,0,27.2,7,581000
4605,4,4,42,2.11,1,6,1,33.3,2,920000
4656,4,3,72,1.28,2,5,0,36.8,8,945000
3935,2,2,18,2.06,1,10,1,27.1,7,1110000
1724,3,3,83,0.85,1,4,1,8.1,5,523000
2346,3,1,60,1.05,2,9,0,23.8,8,732000
1894,2,4,93,1.78,2,8,0,36.5,2,577000
3211,3,4,62,2.3,0,5,1,14.3,6,823000
3417,3,3,25,0.31,2,1,0,38.2,4,703000
1562,1,1,94,2.17,2,8,0,4.4,7,471000
3123,2,2,34,2.0,0,8,1,29.3,6,902000
4945,4,2,66,0.86,2,7,0,5.2,6,887000
3575,1,2,55,0.95,2,7,0,32.1,5,834000
3955,5,2,39,0.21,0,8,1,4.4,5,966000
4770,2,4,28,0.14,2,1,0,13.4,2,804000
2840,4,2,5,1.24,2,3,1,31.2,7,686000
1383,5,3,51,0.33,3,4,0,18.7,7,530000
2903,5,3,0,0.57,1,6,0,35.4,8,762000
2742,5,4,51,2.13,3,10,1,16.4,4,866000
909,3,1,23,1.47,0,10,0,39.8,9,501000
991,3,2,33,1.62,2,9,0,1.2,10,457000
1703,3,3,6,0.55,1,4,0,28.0,3,504000
1661,2,3,74,2.09,3,6,0,36.7,3,465000
1883,1,4,10,2.18,2,9,1,21.7,2,591000
1449,5,3,35,1.36,0,9,0,39.5,10,562000
4934,4,2,19,2.29,0,6,0,28.5,7,854000
4411,4,2,62,2.13,1,5,0,17.5,10,1145000
1436,5,1,79,1.86,1,3,0,20.9,2,400000
1836,4,3,62,1.86,2,5,0,35.2,7,627000
4931,4,3,68,0.35,2,3,0,38.3,3,949000
2948,4,3,87,0.75,3,5,0,22.5,1,437000
4665,2,4,29,0.26,3,10,0,12.6,8,950000
3957,3,3,29,0.12,2,10,0,10.0,8,1155000
4387,6,2,100,0.48,0,1,1,19.3,10,1068000
4094,5,2,96,2.21,1,6,0,12.2,1,879000
3230,5,4,83,0.68,2,7,1,17.1,6,1017000
2679,3,2,21,2.43,2,2,1,33.5,4,598000
4766,5,2,60,1.53,2,3,0,19.1,5,868000
4513,1,2,20,0.67,3,10,1,25.8,8,1227000
4926,2,2,36,1.29,3,9,0,4.1,8,1030000
4906,3,1,26,0.63,1,8,1,30.6,7,807000
2811,3,4,34,2.46,1,4,0,19.6,5,818000
4173,3,4,37,2.13,3,8,0,14.8,6,959000
2943,3,4,59,0.16,3,8,1,24.6,8,595000
3300,2,1,69,2.37,1,6,1,4.5,5,926000
2089,3,4,31,1.83,2,1,0,16.9,3,606000
2247,4,4,79,0.3,2,2,0,32.5,9,588000
3999,4,4,91,1.71,2,4,1,10.9,9,1050000
2743,2,3,79,1.65,1,4,0,36.6,10,704000
3983,3,3,26,0.63,3,2,0,24.3,1,870000
4016,4,1,2,1.92,2,9,0,21.9,7,810000
3936,4,4,48,0.31,1,2,1,16.3,4,695000
4118,3,1,84,1.27,2,6,1,29.8,6,984000
3582,4,2,29,0.12,2,5,1,22.8,7,936000
1790,6,4,21,2.42,3,4,0,32.0,8,687000
2953,2,2,18,1.9,1,6,0,13.6,5,569000
1025,3,1,30,0.48,3,4,0,28.2,5,338000
1576,3,4,19,0.92,1,9,1,37.8,6,611000
3637,4,4,18,0.49,2,10,0,11.6,7,905000
1487,2,2,1,1.94,2,7,0,39.2,5,473000
1329,2,4,39,0.24,2,3,0,16.7,5,456000
4242,3,2,38,2.12,2,10,0,2.0,4,1298000
2953,6,2,90,2.36,3,4,0,14.6,1,761000
2094,4,2,71,1.72,2,1,0,6.4,7,498000
2326,4,1,53,0.61,2,6,1,12.5,7,666000
3696,5,2,26,0.96,1,2,0,4.3,6,902000
3903,2,1,78,1.25,0,4,0,7.5,10,702000
3240,5,4,11,1.55,1,5,0,5.5,2,882000
4935,4,3,77,1.7,3,8,0,2.2,2,1038000
4602,3,4,70,1.43,2,3,0,12.2,6,895000
1644,5,3,16,0.94,3,6,1,37.7,9,522000
1246,5,1,89,2.24,0,1,1,38.0,5,302000
4715,5,4,100,0.3,2,9,0,33.9,7,1065000
3909,2,4,83,1.22,0,1,1,1.0,2,830000
2034,6,2,9,1.96,2,2,0,1.6,6,500000
1026,6,1,18,0.25,1,1,0,0.9,6,454000
4943,3,3,81,1.79,0,8,0,15.0,10,1174000
3759,2,3,29,2.07,2,4,0,39.2,6,1018000
2630,2,4,29,1.69,1,2,1,35.9,6,619000
4579,6,1,24,0.13,2,7,1,10.4,4,1075000
986,4,1,87,0.53,2,8,1,16.7,5,364000
3677,3,3,73,0.92,2,9,1,33.1,4,860000
3335,3,3,65,0.66,3,5,0,30.5,6,716000
2732,3,1,95,2.41,1,3,0,5.7,9,632000
3724,4,2,34,1.66,2,1,0,4.8,5,813000
1648,3,3,50,0.81,3,8,0,22.0,5,665000
2832,6,3,100,2.33,2,6,0,4.5,3,713000
2052,4,2,70,1.88,0,5,1,33.1,7,659000
2681,4,2,70,0.78,3,7,1,10.5,5,475000
1069,3,3,26,1.01,0,5,0,7.9,2,491000
2430,2,4,9,0.58,1,4,0,7.8,9,561000
4003,3,2,96,2.43,1,5,0,2.3,5,938000
2374,3,2,42,1.34,0,7,0,25.9,7,690000
3692,3,4,54,2.25,0,6,1,7.0,7,781000
2495,6,2,70,0.93,0,10,0,9.7,10,897000
4058,3,3,5,2.17,2,10,0,30.2,8,897000
4062,2,3,5,0.23,1,9,1,2.8,4,825000
2245,2,2,76,2.46,1,10,0,8.5,7,648000
1019,3,3,47,2.29,2,2,0,6.4,3,388000
852,6,3,76,0.97,1,7,0,0.7,9,451000
2557,3,3,1,1.96,0,1,0,21.8,8,659000
2466,3,1,82,1.91,2,8,1,8.0,10,795000
3585,4,4,50,2.26,1,4,0,25.5,9,854000
1519,3,2,60,0.84,1,8,0,20.3,2,382000
1205,3,3,18,1.22,2,8,0,26.9,4,472000
3094,2,4,1,2.18,2,4,0,39.3,1,986000
871,3,2,50,1.97,2,4,0,9.2,8,372000
2853,2,3,25,1.04,3,5,1,26.8,4,647000
2029,1,4,69,2.13,2,7,0,33.4,4,440000
2367,5,2,19,0.21,2,6,1,38.3,7,803000
4482,2,2,22,1.98,1,1,0,25.1,6,999000
3753,4,4,53,0.6,2,6,0,5.7,3,932000
1498,4,2,14,0.79,1,3,1,2.6,8,689000
1626,4,1,5,1.28,2,9,0,11.5,2,563000
1148,3,4,91,1.18,2,3,0,37.2,1,241000
4708,2,3,34,1.35,2,9,0,21.7,2,1085000
1107,4,4,74,1.41,3,5,0,23.4,9,541000
4216,4,1,7,0.9,3,10,0,24.6,5,1085000
3134,4,2,56,0.52,1,8,0,13.6,5,724000
3609,1,1,49,1.94,1,9,0,7.7,6,993000
4358,5,3,48,1.06,3,9,0,38.2,3,1001000
4277,2,3,87,1.31,2,7,0,30.3,1,861000
3486,3,2,20,1.65,2,10,1,20.7,8,1002000
3785,3,1,35,2.28,2,1,1,15.4,7,785000
1075,1,3,70,1.8,2,8,0,19.6,8,409000
3347,3,3,68,0.21,3,7,0,1.8,9,917000
3564,4,1,57,2.11,2,4,0,10.3,2,521000
1136,5,4,62,2.47,2,6,0,10.4,5,503000
2773,5,2,92,1.23,2,10,1,18.1,2,697000
3779,3,3,15,2.43,3,2,0,9.8,8,775000
4768,4,4,5,1.41,2,4,0,7.8,4,1046000
1710,2,3,77,1.2,2,8,0,30.7,4,539000
2796,3,2,51,0.9,3,4,0,35.8,10,702000
3929,2,2,1,1.68,2,10,0,3.2,8,989000
4557,3,4,88,0.65,1,4,0,8.8,7,987000
1127,3,2,94,0.35,2,4,0,31.1,1,261000
2599,3,3,76,0.17,2,10,0,32.7,7,572000
1114,4,4,17,0.8,0,9,0,20.3,10,526000
4345,5,4,80,1.05,2,2,1,27.9,3,688000
1934,3,2,91,1.42,2,7,0,3.6,5,534000
3546,6,3,75,0.8,2,3,0,34.1,8,688000
2320,4,4,34,2.46,2,4,0,33.4,6,661000
955,4,2,85,0.8,2,1,0,27.9,8,366000
2524,4,2,38,1.16,3,3,0,36.7,5,466000
4143,2,1,0,0.35,1,2,0,2.4,10,638000
1686,5,1,36,0.73,0,10,0,9.6,9,779000
3873,4,4,20,0.22,2,7,0,14.8,6,1044000
3605,6,3,0,1.44,2,6,0,6.8,9,1181000
1521,4,4,3,1.9,1,1,1,32.7,4,503000
1712,5,3,95,0.57,1,8,0,30.4,2,508000
4157,4,3,57,0.98,2,9,0,31.0,8,967000
1670,3,3,0,0.14,1,1,0,12.0,5,543000
4908,3,1,12,2.11,2,5,0,30.6,2,1159000
1297,3,4,45,1.97,2,7,1,5.4,6,729000
2556,3,2,46,0.25,2,2,1,4.7,3,548000
1917,3,3,80,0.98,1,6,0,23.6,1,466000
4209,5,1,75,2.39,2,8,1,2.4,6,891000
3628,4,4,6,1.04,2,8,0,37.6,8,1052000
2447,6,4,50,1.36,3,10,0,13.5,1,852000
3783,5,2,2,0.95,3,10,0,19.3,3,780000
942,4,3,49,1.53,1,8,0,32.6,6,495000
3561,5,3,25,2.45,0,6,0,16.3,10,1004000
4235,4,2,30,2.49,1,6,0,17.5,3,1036000
3231,5,2,99,1.96,1,3,0,14.2,7,691000
2648,3,3,61,1.07,2,2,1,14.4,6,709000
3496,3,1,25,1.29,2,5,0,19.0,9,882000
2517,3,2,66,0.96,1,9,0,37.9,6,547000
3872,4,2,54,2.47,2,4,1,37.5,7,973000
1867,4,2,27,1.8,3,5,0,22.0,2,510000
3586,3,2,43,1.18,2,6,0,18.5,10,736000
4591,3,2,80,0.13,1,6,1,32.4,4,895000
2088,5,2,37,1.35,2,4,0,27.4,5,353000
4671,4,2,29,2.46,2,4,0,35.3,2,864000
2606,3,3,65,1.36,3,8,1,29.4,10,768000
2304,4,4,7,0.54,1,5,0,38.1,10,827000
4108,4,1,13,0.15,2,5,1,35.5,10,919000
3751,6,4,100,0.95,2,9,0,34.3,7,1150000
871,3,2,98,2.3,2,4,0,16.0,4,253000
2490,2,3,61,2.49,2,7,0,15.8,9,798000
2144,3,2,74,2.37,0,5,1,29.8,8,633000
4103,3,3,62,1.85,2,9,0,3.8,10,910000
3913,5,3,78,1.44,1,8,1,13.2,9,973000
1682,3,2,65,1.52,1,8,0,37.3,8,518000
3462,6,2,100,1.39,2,10,0,18.3,5,994000
2304,3,4,95,1.8,1,10,0,11.2,9,568000
3263,6,2,39,1.11,1,3,0,19.3,5,949000
3353,1,2,12,1.71,2,9,1,11.9,8,692000
1532,5,1,16,0.39,2,8,0,30.8,4,586000
2548,5,2,14,0.74,0,3,0,34.1,5,513000
4724,6,2,32,2.11,2,10,1,31.4,4,1255000
1223,1,2,15,2.27,1,1,1,6.4,2,384000
4278,2,2,12,1.39,1,5,0,13.8,4,1109000
2391,4,1,85,0.18,2,4,0,9.0,5,537000
1292,1,3,22,2.32,1,8,0,2.2,6,559000
991,2,3,35,1.78,3,6,1,29.7,4,420000
1298,3,4,42,1.09,1,10,1,17.4,10,709000
2056,4,4,49,1.54,2,5,0,11.4,4,681000
2768,4,4,73,1.13,3,9,0,12.6,6,775000
2986,1,3,80,1.22,3,6,0,5.8,7,746000
1616,2,3,93,2.23,2,3,0,33.2,7,441000
4020,3,1,12,0.49,3,6,1,6.2,4,1071000
2273,4,3,29,0.35,3,4,1,13.9,5,591000
1886,2,1,56,0.11,1,5,0,0.8,3,424000
4999,3,4,29,0.85,2,6,1,17.7,5,1235000
2674,5,2,70,0.45,0,9,0,14.5,10,714000
1670,6,3,9,0.63,2,3,0,28.9,5,401000
2842,6,1,98,0.13,2,1,0,28.8,4,614000
1072,5,2,65,0.65,1,2,0,2.0,6,416000
1829,3,2,93,0.9,2,8,0,5.1,5,403000
4018,4,2,82,0.18,0,4,0,36.2,8,652000
4869,3,2,38,1.56,3,7,0,31.8,2,1269000
1851,4,1,36,1.47,0,2,0,15.9,6,498000
4833,3,2,2,0.33,2,10,1,7.1,2,911000
2373,4,2,88,1.53,0,8,1,10.8,6,465000
3990,4,4,33,2.5,1,10,0,26.5,4,755000
4597,1,2,85,2.37,2,9,0,37.8,1,836000
4089,4,2,37,0.11,1,7,0,24.8,6,975000
4547,1,4,13,2.01,2,10,0,1.5,3,881000
2905,3,3,63,0.95,3,1,0,26.2,7,692000
1107,1,2,38,0.25,0,2,0,37.8,3,187000
4159,3,2,53,0.81,3,9,0,14.7,10,742000
3976,2,3,1,0.87,0,10,0,37.4,4,878000
2051,5,2,95,1.36,1,7,0,27.0,9,741000
3547,3,2,42,1.69,1,3,0,8.0,7,954000
2317,3,3,52,1.9,3,5,0,6.2,4,633000
2178,3,1,2,0.69,1,1,0,7.5,2,525000
2761,4,4,40,0.87,3,10,0,28.1,5,766000
3663,4,2,7,0.84,3,3,0,23.8,8,621000
3456,4,3,89,0.97,1,4,0,18.5,2,611000
3294,4,3,95,2.5,2,4,0,10.9,9,871000
4805,5,2,74,1.97,2,7,0,36.3,5,825000
4363,5,4,62,2.44,1,5,0,8.9,6,1169000
1722,4,4,64,1.76,1,9,0,11.7,7,766000
3759,3,2,78,1.08,2,7,1,2.7,9,866000
983,4,4,3,1.04,2,2,0,11.4,7,510000
4158,4,1,67,1.27,2,8,0,37.0,4,1037000
2198,4,4,91,1.1,1,2,0,7.9,5,543000
3596,5,2,9,2.09,1,7,1,8.6,3,1184000
1336,4,2,74,1.22,3,5,0,24.2,1,304000
2073,5,2,49,0.81,0,10,0,22.9,3,558000
3767,2,2,22,1.96,2,6,0,7.5,1,833000
3849,1,2,60,2.15,0,4,0,6.6,5,918000
1896,3,4,46,1.11,3,5,0,5.1,7,659000
2105,5,4,2,1.7,3,5,0,34.5,9,680000
1715,5,1,16,0.24,1,7,0,26.4,4,529000
3881,4,1,21,1.37,0,4,1,38.2,10,933000
1828,4,4,90,0.21,2,5,1,7.1,10,582000
2777,4,2,15,0.17,1,4,0,18.7,1,706000
4154,5,2,79,1.57,2,4,1,29.9,7,913000
3311,5,2,2,0.83,2,8,0,8.9,3,865000
1070,4,2,51,1.88,1,5,1,27.5,1,483000
1986,4,2,32,2.25,1,9,0,19.2,4,819000
5000,3,3,41,0.43,2,5,0,17.5,9,1247000
4564,4,3,1,1.84,2,8,1,26.0,6,1025000
3198,3,1,38,1.33,1,3,0,19.0,6,807000
4982,2,4,45,0.37,2,7,0,32.9,7,1202000
2511,5,3,47,1.66,2,1,0,37.3,1,453000
3030,4,2,26,1.56,2,5,0,23.8,5,726000
928,6,2,14,1.34,1,2,1,12.4,4,544000
2069,3,1,6,2.32,0,8,1,31.2,4,759000
4472,3,2,56,1.35,3,6,0,7.2,7,933000
2401,3,1,41,2.48,3,5,0,4.3,2,564000
4770,2,2,8,1.32,2,3,0,21.0,5,1172000
1427,3,1,5,0.38,0,1,0,26.0,7,402000
4597,3,3,56,1.23,2,10,1,33.5,3,1056000
2844,2,3,75,0.54,3,10,0,38.2,2,606000
4352,3,2,29,1.53,1,10,0,35.0,1,1058000
3141,3,3,54,1.76,1,10,0,39.6,5,670000
4014,4,4,83,1.22,2,8,0,19.3,5,800000
1049,1,3,83,0.33,3,5,0,13.0,4,378000
3725,4,2,53,1.22,0,9,0,18.7,8,1020000
1774,4,2,26,0.3,2,7,0,25.9,2,556000
2125,3,4,83,1.74,2,1,0,20.5,4,464000
1783,5,1,58,2.0,2,1,0,25.5,5,515000
1688,4,2,6,2.41,2,7,0,35.5,9,558000
3737,4,3,39,0.46,2,7,0,7.0,3,765000
2917,2,3,93,1.38,1,9,0,5.3,1,795000
3472,4,3,71,1.46,1,2,0,20.2,4,570000
2126,5,2,1,2.31,2,7,0,39.3,10,559000
1270,3,1,13,1.61,0,2,0,2.8,6,365000
2787,3,4,9,0.45,2,10,0,39.5,7,970000
890,3,1,49,1.15,2,10,0,38.7,4,479000
1329,4,1,17,1.67,1,2,0,12.1,4,339000
4859,3,2,17,1.78,2,5,0,35.7,6,904000
3573,4,3,15,2.17,2,9,1,0.8,1,798000
2486,2,3,51,0.53,1,9,1,18.4,5,778000
991,5,4,68,2.38,2,10,1,16.4,3,498000
2786,3,1,51,0.24,3,1,1,36.2,8,647000
4423,3,2,30,2.46,2,7,0,19.2,5,997000
2985,4,2,100,2.16,2,10,1,17.0,7,850000
1808,2,4,83,1.68,0,10,0,25.8,8,438000
4583,1,2,22,1.86,0,3,0,15.3,8,1048000
2852,3,1,95,0.27,0,10,0,21.7,2,721000
4108,4,3,41,0.2,2,10,0,38.2,2,1130000
2516,5,2,80,0.34,1,1,1,8.5,10,606000
1110,5,2,61,0.31,1,2,0,18.6,5,227000
2060,3,4,76,1.41,2,6,0,1.1,3,577000
4732,1,2,49,0.62,1,10,1,33.8,10,1100000
4068,4,2,76,2.16,1,2,0,4.1,1,793000
1384,4,2,80,1.17,2,2,1,4.2,8,364000
3599,3,2,14,1.77,1,4,1,35.4,6,931000
1159,2,1,89,1.67,2,3,0,16.7,3,331000
3666,3,3,43,0.87,1,8,0,27.6,8,978000
2811,4,2,91,0.68,1,8,0,34.4,1,519000
4806,3,4,41,0.92,3,6,1,15.3,3,858000
2425,5,2,44,2.01,3,4,0,10.8,9,692000
3564,3,2,93,1.51,3,7,0,7.2,6,984000
1690,2,2,34,0.71,3,9,0,24.5,1,478000
1531,3,3,21,2.06,2,2,0,10.5,9,499000
4761,3,2,73,0.23,2,6,0,25.6,7,787000
3304,1,3,74,1.78,2,7,1,13.0,1,728000
1414,2,3,37,1.15,2,1,0,14.2,1,407000
4606,2,4,96,1.86,2,6,1,10.3,5,1104000
2519,2,3,69,2.33,1,8,0,17.0,4,547000
2387,3,1,63,1.9,3,7,0,6.9,8,826000
2411,6,3,100,1.16,2,2,0,13.1,2,622000
1696,4,4,6,0.46,3,2,0,31.2,6,538000
1077,4,4,43,2.04,1,4,0,9.0,8,408000
2436,3,1,75,1.21,1,5,1,37.9,1,598000
2958,3,3,6,0.28,1,5,0,20.0,3,753000
3232,1,2,65,1.83,2,2,0,4.7,1,820000
4704,4,2,59,0.8,1,7,0,37.8,7,745000
4062,3,3,0,0.22,1,8,0,18.5,1,969000
2249,2,4,61,2.27,1,2,0,22.5,9,713000
2032,4,3,86,1.26,1,4,0,7.8,8,592000
4917,3,4,88,0.77,2,3,0,13.7,3,616000
1477,3,1,17,1.82,3,4,0,28.3,4,346000
3458,2,1,6,2.23,0,5,0,5.4,9,1087000
2828,4,3,53,0.1,2,6,1,23.0,10,710000
4558,4,2,66,1.75,0,2,0,27.9,6,891000
2837,3,4,92,1.94,0,10,0,0.6,5,619000
3449,3,2,9,0.6,2,6,0,33.6,5,741000
1456,4,2,60,1.28,2,9,0,2.7,1,630000
965,2,2,58,0.31,3,8,0,10.3,1,429000
1389,4,2,58,1.89,2,1,0,38.6,3,327000
3621,4,4,68,2.13,3,9,1,3.7,2,1123000
2062,2,2,62,0.36,1,10,1,33.1,10,640000
871,1,2,97,2.06,1,2,1,26.3,1,247000
4316,4,3,7,1.95,1,1,0,24.1,5,853000
4380,3,2,77,0.93,2,6,1,23.5,3,937000
1068,2,3,54,1.76,1,1,1,7.1,7,537000
2576,4,1,5,0.1,1,6,0,26.9,8,699000
3262,3,2,0,2.34,2,2,0,38.1,10,892000
2068,3,4,55,1.42,0,7,1,3.5,6,501000
1815,3,3,96,1.59,0,7,1,13.6,5,545000
3522,4,2,74,1.7,1,4,0,19.2,10,809000
1883,3,3,87,1.45,0,2,0,9.7,5,345000
4901,6,4,9,2.16,2,7,1,29.8,1,1139000
1206,4,2,22,1.56,2,1,0,27.7,6,401000
3876,2,1,15,2.28,1,2,0,5.2,6,702000
1785,3,2,100,1.5,1,2,0,23.0,3,320000
4403,3,1,15,0.51,3,1,0,15.1,4,1150000
1509,4,2,55,2.29,2,9,1,9.5,4,656000
3418,5,4,94,1.74,2,6,0,34.0,6,828000
2211,4,1,5,1.78,2,3,0,2.7,8,888000
2285,2,3,29,2.47,1,6,1,19.0,9,470000
3750,4,2,62,0.28,3,7,0,19.3,9,1183000
3734,1,3,100,1.13,2,3,0,23.0,5,759000
4914,4,3,0,0.67,1,4,1,8.3,8,926000
1803,4,2,50,1.61,2,10,1,34.9,8,565000
3266,3,1,88,2.04,1,1,0,38.6,10,674000
3266,3,1,45,2.42,1,6,1,22.2,4,883000
2738,4,3,20,1.19,3,6,0,10.6,4,852000
2739,4,2,98,1.99,3,9,0,35.1,3,591000
2435,3,1,37,2.3,1,2,1,39.5,5,590000
2498,3,4,68,1.74,1,5,0,29.8,8,583000
2891,4,4,62,0.68,2,5,1,13.7,8,761000
2695,1,2,49,1.56,1,7,0,9.8,9,612000
4198,2,1,11,2.43,2,5,1,6.7,1,874000
1873,2,3,68,2.47,2,10,0,9.8,4,454000
3202,2,3,72,1.64,2,4,0,9.5,6,898000
4012,4,1,43,2.23,2,10,0,38.7,5,836000
4837,6,1,51,0.58,2,2,0,25.9,4,1091000
1951,4,3,8,0.69,3,8,1,7.1,3,710000
3245,2,4,98,2.39,1,5,0,19.8,2,616000
2756,4,3,64,0.42,3,4,0,7.8,9,501000
4707,3,2,9,0.56,0,9,1,24.4,10,1434000
1607,2,2,45,1.11,1,2,0,14.0,3,456000
986,5,3,99,1.52,0,3,0,8.2,4,269000
2107,3,2,57,1.55,2,8,1,10.1,1,742000
3084,6,2,36,0.8,1,4,0,27.2,1,781000
1557,3,2,51,2.31,3,9,0,16.6,10,704000
4654,4,2,98,2.3,2,10,0,20.8,9,1096000
3006,2,2,80,1.04,0,10,0,32.9,4,655000
4358,3,3,12,1.14,2,10,0,26.4,10,990000
2380,3,3,5,1.79,3,10,0,18.8,4,785000
1761,5,4,57,1.69,2,9,0,38.2,6,554000
4647,4,3,100,1.02,0,10,0,9.0,2,1097000
4375,5,2,47,1.09,3,9,0,11.9,6,1342000
1675,4,2,31,0.94,2,1,0,36.5,7,474000
3218,5,2,10,0.66,1,6,1,34.2,1,718000
4998,3,1,80,1.2,1,10,0,5.6,8,1003000
1801,3,4,4,1.75,2,6,0,37.2,6,682000
4184,4,1,5,1.88,3,8,1,0.9,9,1268000
4866,4,2,73,1.97,1,7,0,33.0,4,990000
3645,4,3,96,1.0,1,7,0,11.5,2,682000
2281,3,2,93,1.94,3,2,1,8.0,9,735000
4101,2,3,20,0.12,0,4,0,18.2,8,868000
1457,5,2,41,1.24,3,1,1,35.9,2,473000
3580,4,2,80,2.01,1,7,1,31.5,8,581000
1222,2,2,26,1.61,2,4,0,38.7,8,431000
4481,4,4,2,1.24,1,9,0,21.9,5,1226000
3510,5,2,59,1.65,3,6,1,20.7,7,746000
1252,2,2,92,2.28,2,6,0,1.0,7,351000
3197,5,2,65,1.46,3,9,0,7.6,4,1018000
2775,5,1,92,2.02,2,8,1,20.2,6,768000
2457,5,2,48,2.45,1,6,0,30.2,10,741000
3341,5,3,99,1.79,1,6,0,33.0,6,774000
3875,4,3,33,1.48,2,6,1,11.7,6,1031000
3964,3,3,36,0.19,2,4,0,28.6,9,478000
3766,1,1,41,1.0,3,5,1,33.2,2,739000
2853,2,2,64,1.46,1,3,0,15.3,10,636000
1087,3,1,59,2.01,2,9,1,28.0,8,557000
4017,3,1,89,1.15,3,2,0,17.8,8,781000
4654,2,2,0,2.4,1,7,0,39.4,1,923000
2247,3,2,58,0.75,3,1,0,0.8,2,590000
1407,2,3,3,1.89,2,10,0,16.9,4,631000
2564,5,3,13,1.11,2,7,1,10.9,5,865000
2025,3,4,17,1.27,1,2,0,34.1,5,667000
2035,4,3,33,2.03,1,5,1,11.8,6,540000
1829,4,1,0,0.81,0,1,0,22.0,7,313000
3471,2,2,52,0.33,3,5,1,29.7,1,776000
4762,5,2,21,1.35,3,4,0,20.1,7,1168000
3977,4,2,79,1.37,0,1,0,16.7,6,950000
4522,3,2,60,2.01,3,1,0,2.2,5,929000
2275,2,1,21,2.42,2,7,1,1.4,6,749000
3696,3,2,49,0.23,3,3,0,38.3,8,701000
1608,1,3,15,1.52,0,10,0,25.9,6,695000
1778,3,3,27,1.74,1,9,0,33.1,5,670000
3263,4,2,91,2.47,2,9,0,19.5,6,930000
1525,5,2,85,2.36,1,10,1,10.8,9,698000
3301,4,2,69,1.81,2,9,0,12.1,1,916000
4162,2,3,88,1.35,2,1,0,2.2,3,930000
2016,2,1,41,0.49,1,4,1,31.7,3,509000
4851,3,3,65,1.02,1,1,1,23.5,9,867000
2997,2,3,70,1.5,3,1,0,19.5,3,526000
3606,1,2,80,1.84,1,9,1,34.2,6,837000
1578,5,1,34,1.62,1,5,0,18.1,9,685000
1772,1,1,19,1.81,2,1,0,37.9,10,485000
3610,5,2,1,1.13,2,3,0,1.0,5,674000
2923,2,3,6,1.85,2,7,0,39.4,10,1059000
1398,6,2,95,0.44,2,2,1,32.7,9,444000
4141,4,2,48,0.49,0,4,0,14.5,9,843000
1024,4,4,82,0.49,1,2,0,24.0,6,304000
1640,2,2,75,2.24,2,9,1,34.7,8,393000
2614,5,1,8,0.28,3,9,0,19.5,9,735000
1906,5,2,26,2.02,2,7,0,2.5,9,653000
924,4,3,77,0.66,0,7,0,36.2,8,394000
4046,4,3,1,1.22,1,2,1,20.9,4,886000
3731,4,2,84,2.3,0,10,1,22.0,8,1081000
4925,1,4,67,1.51,2,8,0,1.0,2,715000
3771,4,3,59,0.6,0,1,0,4.5,3,945000
2817,5,1,84,0.78,1,8,0,31.2,9,804000
3215,3,3,85,2.31,2,5,0,17.7,10,845000
3896,2,1,48,1.13,2,4,0,39.9,4,698000
2409,3,3,1,1.51,2,10,0,28.0,2,866000
1517,4,2,16,1.2,2,2,0,38.0,3,439000
4361,2,3,82,1.01,2,3,0,11.5,7,833000
1816,3,2,87,0.64,1,10,0,7.5,9,663000
4365,2,4,19,1.75,2,2,0,15.4,7,1094000
2760,4,2,75,1.82,1,4,0,11.0,8,705000
1848,2,3,88,0.76,1,3,0,24.7,3,347000
2157,4,2,86,1.99,2,5,0,29.9,7,554000
4226,3,4,97,2.15,2,7,0,16.4,1,714000
915,4,3,31,2.31,2,9,0,4.0,6,483000
2895,6,2,50,0.49,2,5,1,1.5,3,701000
2601,2,4,87,0.83,3,8,0,9.1,2,780000
2946,3,2,41,2.16,2,2,0,29.4,4,663000
2420,5,3,62,0.58,2,6,1,9.3,9,862000
3750,3,3,88,0.11,2,8,0,36.5,6,938000
4592,3,1,60,2.19,1,9,0,26.2,9,1078000
3741,5,4,61,0.88,1,4,1,34.6,8,724000
1777,6,2,2,1.09,2,4,0,15.7,5,701000
3866,4,2,88,1.17,0,7,0,39.4,8,642000
1583,3,4,91,2.14,2,4,0,27.3,2,401000
1040,3,3,75,0.91,2,5,0,14.6,8,513000
2353,2,1,25,2.24,3,2,0,8.9,1,589000
1812,4,1,47,1.58,3,2,0,34.7,3,486000
986,4,3,7,1.37,1,10,0,13.1,7,428000
2681,5,1,4,0.88,2,5,0,2.3,4,717000
1230,1,4,10,0.68,0,10,0,11.5,7,607000
1038,4,3,41,1.6,1,10,0,7.6,1,540000
3145,3,2,98,1.17,2,2,1,13.1,7,748000
875,3,2,90,2.29,1,6,1,24.7,3,331000
2156,4,2,40,1.28,1,6,1,20.3,2,722000
3130,2,2,18,1.33,3,8,0,28.6,9,810000
2702,4,3,47,1.1,3,1,0,13.7,2,628000
4813,4,4,52,1.99,2,7,0,5.2,3,940000
2859,6,3,54,1.12,3,7,0,6.8,3,880000
940,4,2,60,0.75,2,9,0,32.0,4,381000
2589,5,2,31,2.17,1,4,1,4.4,7,809000
4426,4,3,45,1.53,2,7,1,32.0,7,1176000
816,2,3,91,1.52,2,6,0,8.9,9,471000
1264,3,3,35,1.57,1,4,1,27.3,10,738000
2627,4,1,17,1.83,3,10,0,25.1,8,859000
3828,4,4,73,0.85,2,8,0,4.4,6,898000
1319,4,2,95,0.18,0,3,0,26.8,6,251000
889,3,3,17,2.05,1,8,0,18.2,5,571000
3651,3,3,11,0.41,1,5,1,28.4,2,811000
3643,2,3,71,1.83,3,4,0,33.5,6,684000
2684,4,2,96,0.3,2,3,0,2.1,6,507000
4971,4,3,45,1.0,2,10,0,26.1,5,1338000
1725,4,1,54,0.25,2,7,0,4.6,6,630000
4534,3,3,37,1.35,2,7,1,15.5,5,1281000
1769,3,1,77,1.67,2,6,1,1.0,4,443000
1894,4,2,1,0.51,2,3,1,13.5,3,569000
3995,4,1,8,0.99,3,9,0,7.2,1,861000
2204,3,3,4,2.33,3,2,0,22.5,4,673000
4164,4,3,97,1.16,3,3,1,20.7,9,800000
4782,3,3,18,2.03,2,1,1,31.8,7,1237000
4813,4,3,70,2.33,3,7,0,25.8,7,1032000
3892,5,3,38,2.44,2,2,1,28.7,7,1186000
4959,4,1,41,2.26,3,10,0,4.2,4,1340000
2874,4,3,16,0.86,3,8,1,1.6,7,1073000
1084,3,3,62,2.41,3,9,0,38.8,2,622000
1987,4,1,89,2.05,3,2,1,17.4,8,562000
4769,4,2,45,2.11,2,6,0,16.1,10,1238000
3765,4,2,90,0.14,1,1,0,1.9,8,738000
1583,4,1,91,2.39,1,8,0,5.2,9,500000
1749,2,2,19,1.97,2,5,0,37.6,5,487000
4739,6,1,69,1.94,1,9,0,27.9,10,1042000
844,4,3,7,0.3,2,3,0,16.7,8,482000
2610,3,2,95,0.66,2,2,0,36.2,2,491000
2881,4,2,18,2.41,2,7,0,23.8,10,943000
4298,1,4,31,1.3,3,7,0,30.0,10,1127000
1629,1,2,18,1.05,2,10,0,17.5,8,622000
2709,3,2,23,2.12,2,5,0,17.5,10,524000
3381,4,3,23,0.31,2,7,0,3.2,9,1032000
1491,5,2,55,1.1,3,6,1,29.5,6,506000
4819,4,1,80,1.0,1,9,1,4.4,6,1401000
1731,4,1,17,0.94,1,3,1,30.7,4,522000
4206,3,4,11,0.84,3,4,0,8.0,8,1247000
947,2,3,40,0.6,2,9,0,10.3,7,434000
1832,2,3,86,0.51,2,10,1,36.8,9,710000
2111,4,4,47,1.64,2,8,0,19.1,1,739000
1187,5,4,81,2.31,1,10,1,5.4,10,724000
3921,3,3,63,1.32,2,6,0,36.3,8,729000
2673,4,3,15,0.82,1,3,0,18.4,8,627000
4388,5,2,79,0.48,2,9,0,5.7,9,1129000
1715,2,1,99,2.09,2,9,1,15.9,7,518000
2678,4,3,22,2.43,2,6,0,23.8,9,721000
4548,4,3,85,0.94,2,2,0,14.8,10,844000
1077,4,4,38,0.8,3,7,1,37.0,8,623000
2777,3,2,32,1.54,2,9,0,11.2,9,1028000
2659,4,3,23,1.96,3,9,0,7.4,9,981000
3836,4,3,60,1.19,2,3,0,9.2,1,938000
4171,2,2,54,1.61,2,2,0,3.8,3,808000
2982,4,3,60,1.82,0,5,1,18.4,6,973000
1970,2,2,83,2.41,1,10,1,35.2,7,753000
1289,5,2,96,0.5,2,7,0,12.6,4,492000
3325,4,2,94,2.49,1,3,0,10.7,10,797000
1982,5,2,39,1.04,2,4,0,33.6,2,549000
3288,3,2,57,1.84,2,10,0,12.6,4,670000
2676,2,3,71,1.47,3,2,0,19.3,6,473000
3262,1,2,73,1.27,3,10,0,1.7,4,916000
2430,3,2,0,1.78,1,2,0,11.8,10,702000
1087,3,1,84,1.05,1,7,0,5.7,2,387000
2707,4,2,24,0.4,2,2,1,4.7,9,617000
1961,1,2,95,1.27,1,1,1,17.5,1,436000
929,4,2,52,1.35,1,4,0,11.5,10,421000
3163,3,3,60,0.58,3,6,0,7.1,7,854000
943,4,4,45,2.35,3,10,0,20.7,9,608000
815,4,2,73,0.65,2,10,1,31.5,3,461000
1044,4,1,59,1.08,2,4,1,29.5,6,545000
1726,6,2,50,0.47,2,1,1,10.4,9,654000
3978,2,2,72,1.39,2,1,0,10.9,9,721000
2976,3,3,83,0.84,2,9,0,29.4,4,606000
1686,3,3,47,1.27,2,1,1,22.5,8,548000
1140,3,3,83,0.64,1,7,1,29.8,8,424000
2851,4,1,39,0.23,3,7,1,0.6,7,746000
4198,3,4,6,1.97,2,1,0,3.9,6,1268000
4750,4,1,74,1.64,2,1,0,32.2,3,574000
1105,3,3,84,0.92,3,6,0,34.1,4,431000
1707,6,3,18,0.21,1,8,1,14.1,9,933000
3454,5,3,14,2.18,0,7,1,38.4,10,785000
4592,3,2,69,0.51,3,6,0,12.4,7,915000
4842,2,2,60,2.33,3,10,0,35.7,8,1055000
2171,5,2,55,1.25,2,3,0,17.2,6,722000
1120,6,2,9,0.92,0,7,0,22.7,1,465000
4859,3,1,45,1.88,2,6,0,25.9,9,1361000
1931,3,3,79,2.2,0,8,0,5.8,3,643000
3378,5,2,74,0.99,2,4,0,2.0,3,707000
4842,4,3,56,1.08,1,9,0,17.4,9,918000
4167,3,1,34,1.14,3,1,1,6.8,4,751000
1617,4,3,71,2.31,2,7,0,22.2,8,661000
811,5,1,91,1.76,3,9,1,18.4,4,667000
994,5,4,2,0.69,1,10,0,5.3,2,563000
3337,4,2,65,0.54,1,1,1,26.8,5,588000
3642,4,2,52,0.65,3,10,1,1.3,3,1076000
3029,2,4,77,0.73,1,3,0,5.5,4,616000
3809,5,2,51,0.65,2,7,0,28.2,3,784000
2877,3,2,92,1.68,1,9,0,21.4,1,803000
4667,5,2,52,0.38,2,1,0,11.6,4,1088000
1243,3,2,53,1.03,1,6,0,7.6,9,514000
1097,5,2,46,1.6,2,2,0,25.9,7,376000
1644,3,2,2,0.8,2,5,1,8.6,6,672000
1815,4,4,64,0.26,2,7,0,39.4,10,675000
2184,2,3,14,0.3,0,7,0,34.8,9,740000
2197,4,1,83,0.4,2,10,0,5.7,4,731000
1353,5,3,85,2.11,2,7,0,34.4,6,309000
3150,4,2,33,1.68,0,4,0,14.1,3,757000
2069,4,2,49,0.25,2,6,0,19.9,3,619000
2060,1,2,32,1.04,3,10,1,6.1,10,911000
984,5,3,72,0.77,1,6,0,5.2,10,508000
3210,4,2,2,1.49,2,7,0,34.7,8,879000
3009,4,3,1,1.35,2,9,0,25.4,5,850000
4472,4,1,3,1.25,0,6,0,18.7,8,878000
2681,4,4,15,0.85,0,10,1,1.9,9,834000
1321,3,3,53,0.43,2,1,1,36.9,2,414000
2687,4,2,32,1.88,2,8,0,15.4,7,898000
3352,4,3,8,2.21,1,2,1,17.0,2,919000
4609,5,3,56,2.37,3,3,0,11.9,7,956000
4955,5,1,39,0.24,2,5,0,35.7,3,1021000
4279,1,2,51,1.88,1,6,0,14.1,8,1179000
2209,3,1,81,1.84,2,7,1,7.4,4,648000
2494,1,3,15,2.37,3,4,0,20.3,9,841000
1326,2,3,7,0.71,1,3,0,31.4,4,381000
3460,4,2,86,1.88,2,9,0,15.2,2,768000
2972,5,1,59,0.23,2,4,1,26.3,4,695000
1079,2,2,35,1.61,1,9,0,12.5,5,455000
3764,3,2,2,0.94,0,9,0,28.9,8,823000
4777,5,3,14,1.95,0,3,1,26.9,3,990000
3469,5,4,96,2.17,1,3,1,27.4,9,831000
3693,4,2,81,0.98,0,8,1,26.0,9,772000
2551,4,2,22,1.36,3,1,1,6.7,10,782000
4781,4,2,2,0.38,3,6,1,35.6,3,889000
3161,2,3,29,1.1,0,6,0,23.6,8,775000
4931,2,2,44,0.97,2,9,0,15.6,6,774000
2508,2,2,16,0.54,0,2,0,7.3,6,667000
3486,3,3,57,2.25,1,8,1,31.5,2,646000
3695,5,1,57,0.46,1,7,1,20.6,8,1075000
3576,4,2,95,1.63,1,2,0,6.3,7,761000
1919,3,3,56,2.24,3,1,0,36.9,2,509000
3788,3,2,6,2.29,1,4,1,4.7,4,877000
994,3,2,38,2.0,2,2,0,21.2,5,416000
1462,4,2,77,0.52,1,3,0,24.6,9,406000
1279,5,2,57,2.06,0,2,0,40.0,10,325000
2223,3,1,55,0.76,3,9,0,6.1,2,727000
3508,1,4,14,2.31,0,4,1,24.7,7,753000
3975,4,1,43,1.8,3,1,1,19.3,5,1165000
4614,4,3,11,1.98,1,8,1,10.7,2,996000
2814,3,1,7,0.3,2,4,0,37.7,10,523000
4589,4,2,79,1.5,3,10,1,31.7,3,1312000
3243,4,2,40,2.07,1,8,0,31.2,5,906000
1711,3,1,33,2.17,2,8,0,36.0,10,668000
4013,3,1,45,0.17,2,9,0,29.1,1,767000
3164,3,2,87,2.35,0,10,1,20.5,7,827000
4429,5,2,28,0.2,2,7,0,16.0,1,939000
4272,6,1,15,1.57,0,4,0,28.3,6,1031000
1480,5,4,4,1.76,1,2,1,24.3,6,538000
1409,4,2,4,0.36,1,6,0,21.9,1,441000
2956,4,2,29,0.22,3,4,1,23.8,7,858000
4666,4,2,49,1.98,1,6,1,26.4,8,1257000
1171,5,2,4,1.02,0,8,1,38.8,3,488000
1415,3,3,12,0.36,2,3,0,30.2,10,559000
3053,4,2,98,1.93,1,1,0,7.5,1,646000
4938,4,2,48,2.14,2,5,1,18.9,2,910000
1664,4,2,88,1.51,1,3,0,27.3,1,339000
2068,3,3,49,0.49,2,6,0,7.4,9,484000
1584,4,1,13,0.14,2,3,0,37.3,4,560000
4978,4,2,45,1.78,1,1,0,3.5,7,1027000
3037,3,2,89,1.42,1,9,0,24.6,5,802000
4854,4,2,81,1.66,2,5,1,39.0,9,949000
1735,3,2,83,2.05,2,2,0,29.3,9,420000
4780,5,4,33,1.14,1,2,0,27.3,6,962000
3138,4,3,70,0.4,0,9,0,39.9,5,679000
1125,4,3,46,2.36,1,1,1,31.8,10,626000
2334,1,2,59,1.41,2,10,0,38.8,1,627000
4280,2,2,73,1.58,3,3,0,28.1,4,902000
4661,4,2,78,2.34,0,10,0,26.8,5,1002000
2785,3,3,80,2.34,1,7,0,30.6,9,725000
3578,4,1,10,1.47,0,1,0,8.0,2,793000
2070,2,4,97,0.81,1,2,1,32.3,2,408000
1440,5,2,90,2.49,2,6,0,38.8,3,536000
4878,4,4,84,1.73,3,9,0,24.7,3,949000
2167,2,1,94,1.08,0,9,0,1.0,7,667000
4842,4,2,49,1.44,2,8,0,3.3,1,1245000
3375,5,1,3,1.1,1,3,0,9.8,2,1004000
4403,4,3,40,2.23,3,2,0,19.9,1,681000
2381,3,2,58,1.26,2,1,0,16.8,9,662000
2786,4,3,59,2.08,0,9,1,39.2,10,723000
3040,3,3,80,2.12,3,5,0,37.9,9,844000
4766,3,3,61,2.08,0,3,0,16.0,3,1019000
2905,3,3,83,1.83,2,10,0,31.9,3,643000
928,4,3,24,2.15,3,10,1,25.6,1,677000
4796,2,3,86,1.03,0,5,1,10.1,5,884000
1651,5,2,78,0.38,2,3,0,37.3,3,334000
4903,3,3,32,2.12,3,9,0,10.8,2,832000
2876,3,4,18,1.3,3,1,0,34.9,3,816000
3794,3,2,56,0.41,2,1,0,25.7,8,721000
4544,3,4,14,0.38,1,3,0,25.0,8,810000
3556,4,1,40,0.48,2,6,1,33.6,1,807000
2444,3,2,68,1.9,2,2,1,20.0,2,576000
3944,2,1,79,1.81,2,1,1,34.2,1,585000
1042,3,1,59,0.59,3,8,0,22.2,8,407000
4885,3,3,95,2.13,0,10,0,39.4,1,1097000
970,1,4,21,0.78,1,9,0,26.6,6,510000
1452,4,3,42,2.0,2,10,0,15.3,10,636000
4312,4,4,31,1.27,3,1,1,30.7,8,926000
2299,4,2,12,1.86,2,3,0,20.6,8,644000
2899,4,1,37,1.02,3,5,0,32.3,7,539000
2958,4,2,25,0.93,3,7,1,33.4,8,973000
2772,5,3,80,2.12,3,10,1,24.9,8,841000
4725,1,1,4,0.18,3,4,1,35.0,10,995000
3058,1,4,48,2.44,3,6,1,16.4,3,908000
4839,2,3,96,1.66,3,1,0,2.8,2,1046000
2835,2,4,90,1.14,2,4,0,26.7,4,619000
4071,2,2,4,1.61,0,8,0,30.7,5,771000
1657,4,2,100,0.39,1,5,0,3.4,2,384000
4623,3,3,70,1.33,1,8,0,31.0,8,976000
1849,6,3,47,2.46,0,1,0,25.7,8,384000
4790,3,2,17,0.66,1,10,1,5.1,4,1224000
1098,3,4,94,1.83,3,9,0,21.8,5,566000
1723,6,4,5,1.14,2,4,0,4.8,5,685000
3599,5,1,65,1.67,1,9,0,13.2,5,757000
4862,3,1,76,0.59,2,8,0,32.3,9,1015000
4845,4,2,41,1.23,2,8,0,4.5,9,1319000
2602,5,2,51,2.45,1,2,1,18.6,4,639000
3513,3,3,10,0.57,3,3,0,24.4,1,874000
3653,3,1,25,1.63,1,10,1,37.7,8,1005000
3457,5,3,20,1.48,2,9,0,29.6,1,644000
4146,4,3,65,1.46,1,3,0,6.0,7,813000
2271,2,2,39,1.58,2,8,0,38.8,4,671000
3749,4,2,55,1.31,3,5,0,19.4,1,832000
1741,3,2,50,0.14,1,7,0,15.1,4,571000
2707,5,1,19,2.26,3,4,0,5.6,7,833000
2043,2,3,80,2.08,0,8,0,37.4,8,608000
2266,5,4,79,0.52,2,4,1,23.7,2,555000
4757,4,2,56,1.09,3,5,0,39.5,9,1048000
2766,3,2,4,1.95,3,1,0,7.4,5,620000
1175,2,2,13,2.45,1,10,0,22.1,8,691000
1062,4,2,23,2.38,1,8,0,4.8,2,564000
4188,5,2,67,2.26,2,7,0,21.2,2,759000
4195,3,3,51,0.48,0,5,0,35.6,4,764000
2744,3,1,47,2.29,2,6,0,4.8,4,997000
2693,4,4,87,2.21,2,1,0,11.2,3,590000
4434,4,1,46,1.0,2,8,0,27.5,5,917000
2452,1,4,59,1.05,1,9,0,3.5,2,597000
4941,4,4,72,1.2,2,5,1,18.4,1,857000
4692,4,2,2,1.67,3,10,0,13.7,4,1014000
1399,3,1,8,0.73,2,7,0,33.6,6,674000
2712,3,3,81,0.16,2,10,0,2.4,6,791000
2092,3,3,99,0.44,1,4,1,34.6,2,338000
1400,4,4,82,1.16,1,6,1,28.3,6,502000
1180,4,3,23,0.78,1,2,1,12.2,4,527000
4437,4,2,3,1.93,2,4,0,8.3,10,1151000
2963,3,3,8,0.36,1,5,0,38.0,1,522000
1898,3,4,96,2.3,2,9,1,22.4,1,680000
1165,5,3,0,2.25,2,9,0,14.1,2,652000
3370,3,4,34,2.28,2,8,0,2.3,4,974000
4219,4,3,73,1.88,1,4,0,7.0,8,1176000
3276,4,3,11,0.36,2,6,0,24.1,3,805000
1590,3,3,17,1.15,2,7,0,20.8,5,538000
4369,3,3,77,0.42,0,1,0,30.4,3,516000
1546,2,2,9,2.47,0,1,1,33.5,8,435000
1112,2,3,73,0.9,2,4,0,16.2,4,321000
1720,4,3,17,1.5,1,3,0,4.5,8,431000
1877,3,2,23,1.97,1,10,0,31.8,8,751000
3629,2,2,0,2.31,0,4,0,22.4,9,924000
3181,4,3,93,1.91,1,9,1,39.2,2,749000
4418,2,3,78,1.72,3,2,1,32.0,10,790000
1597,4,1,71,1.22,2,4,0,13.5,7,490000
1072,3,3,98,1.55,2,7,0,17.4,10,515000
3810,2,4,81,0.33,3,2,1,9.8,1,968000
2573,3,2,15,2.22,2,8,0,20.7,4,814000
3347,1,2,84,1.41,2,10,0,28.6,4,808000
3964,5,4,14,0.2,1,4,0,24.7,4,902000
1746,4,4,61,2.31,2,9,1,14.0,7,720000
3465,2,2,4,1.27,1,1,1,33.0,5,828000
1306,3,1,44,2.18,2,7,0,4.6,5,537000
1043,3,2,51,2.16,0,1,0,6.1,3,311000
1305,2,3,70,2.06,1,10,0,16.5,10,553000
3958,3,2,6,0.25,0,9,0,28.2,5,861000
4390,4,2,26,0.69,1,10,0,27.9,5,1060000
2672,5,2,88,2.2,3,10,0,15.0,8,902000
4593,3,4,85,2.26,1,1,1,28.0,2,761000
1992,4,2,12,1.2,3,3,0,2.9,8,697000
2264,5,2,16,1.16,2,7,1,12.0,4,659000
1190,3,4,43,0.52,2,1,0,27.9,9,447000
4177,5,2,12,2.42,1,5,0,7.8,8,1264000
1472,4,2,89,0.61,3,6,1,8.9,5,566000
3360,3,3,72,0.56,0,3,0,3.9,5,638000
2011,6,2,4,1.69,2,6,0,14.9,9,873000
1729,3,3,32,0.68,2,4,0,33.1,5,408000
2339,3,1,3,2.35,2,6,1,33.5,9,800000
1712,4,1,91,0.13,1,6,0,34.6,6,555000
1443,3,4,25,0.11,2,4,0,1.9,1,428000
1301,3,2,67,1.31,3,1,1,39.7,8,385000
1529,2,3,15,1.27,3,3,0,20.4,1,473000
2083,4,2,100,0.49,3,10,0,35.0,2,460000
2918,4,2,21,1.29,1,7,0,36.3,6,663000
4636,4,3,35,1.09,1,2,0,20.8,5,923000
1719,6,2,57,2.24,0,4,0,2.5,2,639000
4850,3,2,54,0.12,3,6,0,24.1,6,1063000
3139,3,1,34,2.44,1,5,0,13.7,7,906000
1555,4,2,24,1.6,2,6,0,8.7,3,650000
2669,4,3,71,0.46,3,5,0,7.7,8,755000
1307,3,3,80,0.21,2,9,0,22.6,4,338000
2236,2,3,60,1.39,2,2,1,4.6,10,805000
3375,5,3,17,0.66,1,4,0,33.0,9,940000
4226,6,2,57,0.82,2,1,0,9.5,7,911000
1358,4,2,75,0.69,3,7,1,22.2,3,406000
3902,3,3,56,1.66,2,1,1,5.5,5,668000
4422,6,2,96,1.43,1,6,0,34.5,9,745000
4857,5,2,86,0.29,0,10,1,27.8,9,939000
4515,4,4,62,1.36,1,10,0,8.7,8,1163000
2101,5,1,11,2.0,2,9,1,28.8,8,766000
2955,5,1,10,0.29,0,2,1,3.8,9,755000
1492,5,3,12,2.24,2,1,0,31.0,5,559000
2278,5,3,34,1.49,2,10,1,19.9,9,1030000
1056,4,2,26,2.38,2,3,1,5.2,6,489000
3230,4,2,88,0.46,0,6,0,22.2,6,489000
1241,3,4,66,2.48,2,7,1,8.4,10,572000
2681,4,3,88,1.65,2,8,0,27.1,6,769000
3446,4,3,44,1.46,1,4,1,28.5,7,926000
4620,6,1,73,1.34,3,8,1,30.6,9,1228000
2535,3,2,80,0.16,1,7,0,35.8,3,469000
4535,4,2,66,2.36,2,8,0,26.4,6,1069000
3445,3,2,21,1.65,1,5,1,19.9,10,1099000
818,4,1,77,0.32,2,10,0,34.2,5,421000
1924,4,2,90,0.15,2,7,0,36.0,4,343000
4785,1,2,41,0.22,0,4,0,31.4,8,859000
3454,4,3,19,1.56,2,1,0,37.7,3,694000
2880,2,3,47,1.57,2,3,1,39.2,2,497000
2347,1,1,17,1.3,2,10,0,10.4,4,878000
1661,4,2,76,0.84,0,9,1,7.8,3,432000
954,3,1,69,1.38,1,4,1,18.2,7,369000
4294,3,2,73,1.34,2,5,0,39.9,4,981000
1704,2,2,100,0.15,1,3,0,4.0,10,354000
2069,2,2,92,0.78,2,6,0,28.6,9,516000
1204,4,4,5,0.23,0,4,0,34.1,5,464000
1643,3,3,38,2.26,1,5,0,39.9,3,429000
2582,5,3,10,1.84,3,7,1,25.0,2,765000
2364,3,4,24,2.49,2,7,0,15.5,6,823000
1984,3,3,93,0.83,2,9,1,7.1,6,716000
1546,3,3,54,2.21,3,2,0,39.3,1,468000
2525,4,3,83,1.55,2,4,0,37.0,7,510000
3988,4,2,57,1.19,2,8,0,32.3,5,676000
1070,5,3,36,0.63,3,4,0,37.8,7,519000
4756,4,1,15,1.87,2,3,1,2.9,4,1260000
971,3,3,94,2.27,2,10,1,25.4,5,718000
1073,4,4,92,0.66,2,6,1,11.4,7,720000
3106,5,3,69,0.52,3,3,1,30.7,6,931000
1958,3,1,92,1.77,1,2,0,4.3,1,330000
2506,3,2,95,2.44,0,9,0,10.7,1,593000
2571,4,3,72,1.9,1,3,0,34.1,2,594000
1221,3,4,36,0.78,1,1,0,30.1,3,366000
2009,6,2,52,1.11,1,9,0,39.7,1,558000
1690,3,3,86,1.02,3,5,0,25.9,10,639000
4067,2,4,15,2.15,2,7,1,12.5,2,960000
2273,6,1,17,1.95,1,2,0,22.1,2,594000
4043,5,3,18,1.51,2,1,0,37.8,7,884000
2981,2,2,43,0.76,2,6,0,26.2,6,754000
2249,5,3,1,2.35,2,5,0,35.3,9,823000
3896,3,2,57,1.67,1,10,0,1.4,10,876000
4056,3,3,9,2.43,3,6,0,15.1,5,602000
3956,5,3,75,1.49,1,2,1,37.4,3,717000
2390,4,2,45,2.07,0,7,0,2.1,1,673000
4781,2,4,81,2.05,1,1,1,21.0,1,935000
2235,3,3,18,0.91,2,8,0,14.2,2,628000
1023,4,3,37,2.41,2,7,0,26.0,3,530000
1019,2,2,36,0.15,1,7,1,6.9,10,535000
2454,4,1,90,1.94,1,6,0,26.3,10,553000
1064,4,2,77,2.42,2,10,0,39.7,5,475000
1753,3,4,44,0.91,2,5,0,11.2,7,489000
4533,4,2,33,1.66,1,9,1,18.7,4,761000
3574,5,4,1,1.45,3,3,0,1.7,10,1201000
3924,3,3,43,1.93,3,9,0,17.6,6,1047000
1279,3,3,96,2.18,1,5,0,16.5,6,399000
4314,3,3,82,1.55,2,8,1,22.8,2,1004000
2153,4,3,26,2.06,0,3,0,10.6,6,657000
4122,5,3,47,0.85,2,7,0,13.5,5,1265000
4678,3,2,93,0.65,2,10,0,24.6,6,1174000
1689,3,3,6,1.13,1,4,0,36.4,4,532000
4654,3,3,26,1.73,2,5,1,9.8,1,1383000
1724,4,3,84,0.55,3,4,0,27.3,9,503000
2970,3,3,70,1.73,1,9,1,21.2,3,922000
2702,5,1,88,1.05,0,7,0,4.6,1,544000
3195,3,1,17,2.01,1,6,0,22.8,4,775000
828,4,3,32,0.19,2,6,0,28.5,7,479000
834,4,2,32,1.7,2,10,1,24.1,4,578000
4389,4,3,95,1.66,2,7,0,4.6,4,998000
3470,2,2,24,2.36,2,5,0,34.3,9,879000
4165,4,1,13,1.81,2,10,0,2.1,6,1309000
1388,2,1,37,2.01,2,3,0,9.8,9,501000
4018,2,3,37,2.27,2,3,1,24.8,2,798000
3938,4,3,3,1.72,2,7,0,9.1,7,1042000
1703,4,2,61,0.8,3,10,0,4.5,7,805000
4886,2,4,81,2.19,1,1,0,20.7,8,1039000
2969,2,2,9,1.89,1,4,1,29.0,10,783000
1139,5,2,34,1.12,1,10,0,16.7,9,530000
2514,5,3,98,1.81,3,8,0,28.1,8,668000
1356,3,3,22,2.18,2,4,1,34.5,2,511000
3887,4,2,88,2.44,1,1,0,38.4,3,664000
4066,3,4,64,2.39,3,5,1,9.7,2,869000
4367,4,4,81,0.88,3,1,0,24.4,1,921000
2856,5,1,78,1.11,3,9,0,11.0,7,725000
4699,2,2,24,0.36,1,8,0,34.9,8,860000
1816,4,3,95,0.69,3,7,1,35.7,5,538000
2862,3,2,52,2.22,1,5,1,13.2,10,847000
1638,4,1,83,0.97,0,4,0,26.0,9,343000
2437,4,3,16,1.59,1,7,0,35.6,4,698000
4296,5,2,56,1.7,2,3,0,20.6,1,800000
2613,2,2,74,1.98,1,8,0,29.0,4,597000
4279,1,2,76,0.54,2,5,0,32.1,5,784000
2251,2,3,88,0.83,3,5,1,34.9,8,649000
3113,6,3,19,1.18,1,1,1,20.9,5,768000
2314,4,2,24,0.98,1,10,1,37.7,10,1087000
2031,4,2,41,2.46,1,8,0,25.3,9,763000
2445,1,3,44,2.1,3,7,1,6.5,6,839000
3799,5,4,30,1.25,0,1,1,24.7,8,819000
4240,5,4,64,2.21,2,4,0,12.3,3,875000
4856,4,2,51,0.93,1,4,1,15.2,3,1122000
1105,3,3,79,1.99,3,9,0,32.4,9,413000
4336,2,3,91,0.64,0,10,0,38.9,6,1000000
2523,4,3,20,1.95,2,2,0,34.9,4,748000
2489,4,3,29,1.2,2,4,0,13.4,8,706000
2317,2,1,2,0.36,3,10,0,18.4,4,861000
4717,4,3,97,0.76,1,3,1,39.3,4,805000
1219,3,1,69,1.07,2,10,0,37.0,7,466000
3736,4,1,42,1.9,1,5,0,39.1,7,862000
4662,4,3,28,0.28,3,7,0,17.6,8,1035000
2250,2,4,2,1.68,2,5,0,32.1,10,809000
3896,4,2,57,1.82,2,5,0,34.9,7,794000
4061,3,3,32,1.67,2,4,0,2.2,8,1012000
1964,2,2,74,1.93,1,9,1,11.0,8,927000
2669,5,4,44,0.53,1,6,0,35.4,7,750000
2619,1,3,68,1.51,2,10,0,15.9,1,802000
3505,3,2,31,2.36,3,6,1,11.5,4,1065000
4315,1,2,81,1.57,1,6,0,11.3,3,583000
2142,2,2,83,1.57,3,6,0,15.3,9,610000
3026,3,1,51,1.87,1,1,1,10.1,10,860000
1879,2,1,63,0.9,3,6,1,0.6,8,517000
3579,4,3,39,1.78,1,4,0,7.3,9,859000
3328,2,2,91,2.3,1,2,0,35.4,5,786000
1613,4,3,12,0.13,2,6,0,3.5,5,507000
2831,2,1,89,2.19,2,1,0,16.8,10,696000
1122,2,3,79,0.62,2,1,0,18.5,5,254000
3769,3,2,88,1.19,2,5,0,31.2,2,772000
1703,5,1,73,2.15,2,6,1,10.5,7,682000
2341,4,2,28,2.08,0,2,0,12.7,8,691000
4303,4,1,62,2.24,1,10,1,1.1,5,913000
3453,2,3,83,2.36,1,8,0,36.2,8,937000
3276,5,3,25,1.17,2,4,0,27.6,6,723000
4140,1,3,95,1.68,2,4,0,10.9,4,614000
1941,3,1,58,1.04,2,10,1,35.6,7,545000
1649,4,2,48,0.94,2,5,1,3.9,8,539000
1166,3,2,52,1.14,1,10,0,15.1,9,613000
3697,6,3,87,1.88,2,4,0,22.8,5,939000
1889,1,2,30,1.3,0,5,0,20.5,9,543000
4841,6,1,11,2.05,2,10,0,26.4,8,1035000
2838,4,2,57,1.89,1,3,0,12.3,1,568000
3660,4,2,35,0.15,2,8,0,30.4,8,869000
2654,2,2,9,1.61,2,6,0,16.5,8,628000
1294,3,2,5,1.15,2,8,0,5.4,7,521000
3982,5,2,6,1.2,2,5,0,29.7,1,889000
2584,3,2,30,2.06,0,7,0,36.5,6,645000
4310,4,2,90,1.41,1,10,0,14.9,2,767000
4586,6,3,71,2.23,2,7,1,23.8,6,1303000
4930,3,1,2,1.81,3,6,0,27.7,2,954000
1798,4,2,46,1.43,1,10,1,33.3,2,503000
2251,4,2,84,1.91,1,4,0,8.3,7,689000
2551,2,2,0,0.19,2,6,0,23.0,10,766000
3080,2,2,44,0.17,2,9,1,29.7,1,710000
3734,3,3,53,0.3,2,4,0,8.4,5,723000
4534,3,4,49,1.15,3,6,0,19.2,1,928000
4146,4,2,78,0.67,2,6,0,18.8,9,798000
2673,2,3,6,2.46,0,3,1,33.7,5,635000
4603,6,2,62,1.4,1,4,1,31.2,5,977000
2779,1,2,14,1.69,2,3,1,9.7,4,624000
1498,4,4,88,0.77,2,3,1,9.7,3,287000
2112,4,3,66,0.87,1,10,0,29.1,8,828000
3762,2,4,29,0.91,3,4,0,29.7,7,715000
3738,2,2,77,1.78,1,4,1,7.6,9,637000
3100,4,1,67,1.24,2,6,1,16.7,6,908000
3997,5,2,35,1.34,0,4,0,33.1,1,721000
926,3,3,66,1.52,3,6,1,3.6,5,545000
1991,3,2,4,1.95,2,2,0,15.3,5,671000
3439,3,4,24,0.32,1,4,0,26.0,7,897000
4716,2,2,94,1.96,3,2,0,31.0,10,967000
2166,4,2,10,1.45,1,8,0,26.3,1,581000
1819,5,3,71,1.71,2,9,1,16.2,1,524000
4879,3,3,89,0.89,3,7,1,39.7,6,1290000
1484,6,1,65,1.08,2,6,0,2.1,6,554000
4429,2,4,27,0.65,3,8,1,20.0,9,1207000
3687,4,2,59,2.45,3,4,0,20.6,3,771000
2262,3,1,9,1.29,3,10,0,10.0,5,823000
4886,3,4,49,2.49,1,2,0,22.6,5,917000
3061,3,4,38,1.28,1,4,1,9.2,1,720000
4980,3,3,36,0.63,2,5,0,18.0,6,830000
3641,4,4,62,1.32,2,9,0,17.5,4,980000
2567,4,3,60,0.2,2,5,0,31.0,6,404000
4980,3,4,84,2.27,0,9,0,37.7,8,1226000
4360,5,1,91,2.06,3,9,0,8.5,8,1342000
2912,3,3,37,1.84,3,8,0,39.7,3,725000
1426,4,3,32,1.56,2,5,0,37.6,9,620000
4959,2,1,74,1.49,1,2,0,4.9,4,822000
4214,2,2,44,2.49,0,5,0,36.5,1,797000
2175,3,2,43,0.77,1,1,1,22.8,9,504000
1981,4,3,0,1.97,2,8,0,35.2,5,670000
1290,4,1,52,1.5,3,2,0,37.9,8,384000
4529,3,3,46,2.44,0,7,1,34.4,7,727000
4334,2,1,32,2.09,2,2,0,16.4,5,915000
4096,3,2,66,2.5,2,5,1,25.7,8,678000
2740,4,4,89,1.51,1,10,0,18.9,1,668000
2682,4,3,14,0.59,2,7,0,15.0,4,564000
3787,2,2,13,1.31,2,6,1,10.4,5,894000
3959,1,1,22,1.81,3,5,0,17.9,4,914000
1481,4,3,53,1.96,2,6,0,32.3,6,647000
1873,2,4,7,0.1,2,2,0,33.8,9,542000
3187,2,4,53,1.31,1,10,0,38.3,1,723000
3194,1,3,35,0.66,1,1,1,12.0,10,609000
3493,3,1,83,2.2,1,1,0,26.2,2,515000
2170,4,2,51,0.47,1,8,1,27.9,1,696000
2956,4,2,5,1.7,0,3,0,8.1,7,802000
3380,3,2,96,0.74,1,3,0,15.0,2,514000
2959,4,2,27,0.96,2,9,0,14.0,9,607000
4048,2,2,49,2.36,2,6,1,39.4,8,1166000
4531,5,3,37,0.68,0,4,0,38.4,10,759000
4629,4,2,29,0.33,1,4,1,33.0,1,898000
2427,4,3,80,0.27,2,7,0,19.2,3,524000
4272,3,4,72,1.31,1,6,1,10.9,6,810000
827,2,3,91,1.64,2,2,0,36.7,3,229000
2785,3,3,53,0.89,2,9,0,11.1,9,923000
4953,4,3,70,1.76,0,2,0,21.1,10,1053000
2321,2,2,45,0.25,1,8,1,10.2,10,777000
1096,6,1,27,2.16,1,4,0,38.9,2,335000
2981,6,1,16,2.06,1,10,0,2.1,6,949000
4202,4,2,47,2.47,3,1,1,7.4,2,970000
3096,6,3,43,2.35,1,1,0,30.7,3,539000
3397,2,4,59,0.95,2,9,0,6.5,10,636000
1701,1,4,59,1.06,2,4,0,39.2,9,489000
1898,1,1,4,1.89,0,1,0,13.2,9,442000
2477,4,4,68,0.42,1,3,0,36.8,2,406000
3681,2,2,77,0.85,3,3,0,26.7,8,519000
2178,6,3,69,0.38,3,7,0,25.5,3,562000
2048,2,2,6,1.19,1,6,0,36.7,2,674000
4535,3,1,52,1.42,1,8,0,20.8,10,1133000
2064,5,2,16,0.61,2,7,0,16.3,8,862000
2707,3,4,58,0.16,1,1,0,9.1,3,494000
1858,3,2,8,1.83,1,3,0,6.2,8,707000
3549,4,2,94,0.15,1,9,0,31.8,6,886000
2848,3,4,21,2.44,1,4,1,5.6,1,963000
3276,3,4,44,0.63,0,3,1,16.1,2,680000
4816,3,1,72,1.69,2,5,1,16.7,2,888000
3997,3,3,58,1.14,2,8,0,26.7,7,916000
4353,6,2,79,0.24,2,1,0,11.5,6,840000
2561,5,2,99,1.23,0,2,0,33.6,2,346000
1020,3,2,97,1.34,2,7,1,8.7,1,370000
3688,3,2,12,2.15,2,1,1,31.7,5,970000
2464,3,2,82,1.86,0,5,0,34.1,2,448000
4786,6,3,11,0.29,0,10,0,8.1,10,1207000
3777,2,2,35,0.6,1,8,1,32.5,10,977000
2671,3,3,9,0.85,1,6,0,28.7,6,849000
2262,4,3,15,0.38,3,3,1,35.0,2,680000
1144,6,2,91,1.2,2,7,0,20.6,9,558000
844,2,1,18,2.46,1,3,0,9.7,5,414000
2868,3,3,5,1.34,2,5,0,36.5,7,798000
2314,3,3,3,1.88,1,7,0,31.7,4,787000
3398,1,3,29,1.74,1,2,0,1.3,2,472000
1801,4,3,94,2.14,1,10,0,37.6,3,601000
1833,4,2,45,0.62,2,4,0,38.0,5,331000
2840,4,3,26,1.91,0,2,0,14.5,1,586000
1073,2,2,44,2.22,1,7,1,0.9,4,595000
3447,2,4,84,0.51,1,3,0,22.3,4,631000
2579,3,3,36,0.93,1,9,0,36.6,2,661000
1278,3,2,8,2.43,2,6,0,5.4,9,660000
1315,4,2,60,1.97,3,1,0,23.8,6,542000
1991,2,3,34,0.78,2,10,1,29.4,9,494000
3468,1,2,46,1.45,2,8,0,5.8,6,765000
2211,3,2,20,1.07,3,7,0,20.8,2,801000
4080,3,3,16,1.28,0,1,0,4.0,1,773000
1071,3,3,54,0.95,1,3,0,22.5,4,333000
942,5,2,87,0.77,2,3,0,18.0,1,312000
4132,2,3,94,1.72,1,3,0,11.0,8,662000
1587,4,4,5,1.97,2,7,0,34.2,1,692000
2481,3,4,34,2.2,1,6,1,15.6,5,724000
1422,3,3,49,0.47,1,2,1,28.1,9,437000
4641,5,4,36,2.07,2,5,0,31.7,1,883000
4476,3,3,12,0.71,3,6,1,7.6,4,1172000
3372,4,2,24,1.13,1,2,0,5.2,8,751000
4060,3,3,95,2.26,0,1,0,0.8,8,820000
866,4,1,0,1.19,2,4,0,12.6,1,388000
1940,4,2,48,0.57,1,4,0,32.7,8,502000
3114,5,2,34,0.48,1,4,0,31.0,3,612000
3332,5,3,82,1.24,1,1,1,34.9,7,649000
4380,4,3,52,1.93,2,3,0,30.5,10,833000
1987,3,3,51,2.49,3,7,0,1.4,1,573000
4139,4,2,53,1.99,2,4,1,15.7,5,1186000
1348,4,2,75,2.2,1,2,0,0.7,4,421000
4887,1,2,46,1.89,1,8,0,1.9,4,719000
872,3,3,42,2.25,1,1,0,19.4,5,340000
998,5,2,19,0.28,3,9,0,14.7,3,631000
4001,3,2,32,2.33,2,5,0,22.6,7,699000
2581,3,2,92,1.05,0,2,0,3.1,2,509000
1371,5,3,15,2.31,2,4,0,23.7,1,525000
1590,2,4,77,0.28,2,3,0,3.1,6,334000
2438,3,3,6,1.82,3,7,0,17.2,1,684000
2631,4,2,69,1.87,3,6,1,14.4,7,748000
2655,3,2,20,2.49,1,9,0,9.3,8,682000
1974,4,1,35,1.95,2,4,1,12.8,2,528000
4540,2,2,85,1.02,2,3,1,0.5,4,924000
4077,3,2,53,1.44,1,7,0,13.3,7,951000
978,2,1,18,0.98,2,6,1,3.6,6,545000
3044,6,2,24,0.57,2,5,0,36.9,2,642000
4886,3,2,66,0.7,0,10,1,3.4,4,1235000
1534,3,1,99,0.63,2,7,0,38.1,3,352000
1598,1,3,52,1.42,2,5,0,19.9,9,495000
1587,2,4,97,2.27,1,9,0,20.8,6,524000
3595,3,4,74,2.29,1,4,0,31.6,2,772000
3884,2,1,47,0.23,2,1,0,28.0,2,681000
3718,4,2,41,0.29,1,10,0,9.9,3,828000
1531,3,4,46,0.69,3,5,1,1.5,5,705000
1929,4,1,90,0.71,0,1,0,31.2,6,313000
4246,4,3,41,0.33,1,1,1,5.6,5,968000
2405,3,3,1,1.03,1,1,0,24.1,1,664000
4578,3,4,5,1.51,2,1,0,37.7,1,835000
3545,4,4,45,1.49,2,8,1,22.2,7,917000
3970,4,3,65,1.4,2,2,0,11.8,10,729000
3733,2,3,80,0.91,1,9,0,7.6,7,744000
2015,5,2,39,1.8,3,7,1,1.6,10,896000
1124,2,1,57,2.08,0,3,0,25.1,6,346000
2650,2,2,77,0.93,1,9,0,22.5,9,491000
2290,2,2,73,0.31,0,4,1,18.7,2,394000
1693,5,1,32,0.81,0,7,1,8.2,1,662000
2190,4,2,61,0.43,1,3,1,9.8,6,493000
4189,4,4,11,1.22,1,5,1,38.4,6,947000
3063,3,1,95,0.47,1,4,0,1.3,9,642000
4232,3,2,48,1.21,3,6,0,14.9,10,1022000
3171,3,2,87,0.63,1,9,1,2.0,1,585000
3886,5,2,77,1.87,2,5,0,8.1,1,852000
2315,1,2,4,0.17,2,1,0,37.4,10,308000
3717,3,4,50,1.43,1,5,0,6.4,6,786000
3152,2,3,68,0.51,2,5,1,24.2,5,678000
1967,5,2,31,0.1,2,9,0,14.2,6,512000
910,3,1,48,2.19,1,8,0,25.5,6,482000
4455,3,2,96,1.71,3,5,0,34.2,4,739000
4593,3,3,59,0.34,2,5,1,11.8,10,1291000
2555,6,2,45,1.69,3,2,1,3.6,8,821000
2377,5,2,67,1.57,3,9,0,8.6,5,727000
2096,4,1,93,1.24,0,4,0,17.8,6,495000
4574,3,4,40,1.11,1,7,1,20.8,2,761000
3020,2,1,80,2.23,1,10,1,37.7,1,718000
1772,5,4,66,0.69,3,6,0,1.1,8,539000
1830,3,2,12,1.06,3,5,1,30.4,6,715000
3393,3,3,99,0.89,2,5,1,3.4,9,759000
4792,3,3,17,1.95,1,7,0,3.6,5,761000
1713,5,1,86,2.3,1,2,0,26.3,8,345000
2981,3,2,98,2.14,3,9,1,36.4,7,790000
3997,4,2,96,2.01,3,2,0,11.9,10,900000
2262,5,1,50,2.47,1,9,0,11.1,1,517000
3178,3,3,35,1.77,0,4,1,24.9,7,555000
4254,3,1,80,1.9,1,10,0,31.2,4,834000
4353,6,3,33,2.46,0,10,0,34.8,6,1323000
2107,6,2,11,0.12,3,6,1,10.4,9,723000
1989,5,2,4,1.62,2,1,0,29.7,9,626000
1487,4,3,47,1.87,2,5,0,12.6,9,358000
2007,3,3,90,2.3,2,6,0,22.0,5,795000
2694,5,2,39,2.22,1,9,0,8.0,4,672000
2611,3,2,12,2.12,1,9,1,6.3,6,876000
3983,5,2,25,2.37,2,9,1,37.4,10,786000
4597,5,4,13,1.39,2,3,0,22.1,5,1095000
2444,4,2,95,0.12,1,4,0,0.7,10,528000
4768,5,2,10,0.13,1,8,1,31.8,5,1117000
3516,4,3,37,1.41,0,8,0,27.8,8,829000
990,2,1,79,1.14,0,2,0,13.4,10,297000
2135,4,2,56,1.18,2,8,1,18.8,5,790000
3906,2,2,21,1.06,2,7,0,18.3,1,684000
1178,4,4,15,2.3,2,9,0,11.4,5,837000
4629,2,4,76,0.96,3,5,1,39.2,5,852000
1415,3,3,75,2.15,2,2,1,22.0,5,485000
3130,5,2,81,2.27,1,5,0,35.9,3,575000
2554,6,3,28,1.3,1,2,1,23.6,9,741000
1263,3,2,81,1.17,3,5,0,27.8,5,384000
1766,4,2,1,1.93,2,9,0,1.7,2,930000
3958,4,4,53,1.8,0,7,1,20.7,5,835000
4424,6,1,1,0.89,2,7,0,29.0,9,1327000
1489,3,2,2,0.35,2,1,0,5.3,8,428000
3422,4,4,92,0.74,3,9,0,27.3,6,1051000
3012,5,3,55,0.41,3,6,0,3.8,9,967000
1182,3,1,71,0.81,2,7,0,32.4,7,382000
3056,5,1,10,0.73,2,2,1,39.1,2,664000
4610,5,2,75,1.63,0,1,0,25.3,1,790000
4303,5,2,31,2.39,2,4,0,3.5,3,989000
2212,3,2,3,1.75,2,9,0,23.7,4,782000
2383,3,2,8,2.32,2,9,0,29.8,9,824000
1171,5,4,87,1.98,2,3,0,37.4,5,335000
1410,3,2,55,1.85,3,1,0,2.3,2,395000
915,4,2,15,1.09,1,2,0,31.1,10,417000
1246,2,2,80,0.88,0,9,0,5.7,5,362000
2191,2,2,85,2.13,2,9,1,31.7,2,563000
4124,3,2,70,2.27,3,1,0,35.6,9,896000
2140,4,4,9,1.18,3,9,0,34.5,6,807000
3739,3,4,92,0.12,2,1,0,26.3,5,639000
4499,4,2,35,2.0,3,10,0,20.3,2,1252000
1873,4,4,23,0.78,2,4,0,35.0,7,675000
4369,4,2,63,0.12,0,5,0,21.0,7,768000
3950,4,3,55,2.03,2,8,0,8.0,2,1050000
2405,3,1,77,1.34,1,5,0,37.7,10,476000
3094,3,4,77,1.74,1,5,0,15.2,6,759000
4462,2,1,88,2.3,1,4,0,25.2,10,893000
1783,4,3,21,1.4,1,9,0,8.4,10,736000
1151,4,3,51,1.31,1,8,1,4.9,3,528000
2524,3,1,49,0.8,1,9,1,22.3,8,730000
2751,3,2,46,0.83,1,7,1,22.4,5,712000
2079,4,1,22,2.01,0,7,0,15.1,8,434000
2707,2,3,95,1.18,2,5,0,12.8,7,765000
1824,5,2,89,0.49,2,10,0,15.3,8,677000
1345,1,3,90,0.33,3,1,0,31.9,1,226000
4974,6,4,75,1.24,3,6,0,14.6,6,1275000
3181,3,2,82,1.22,2,10,0,36.9,3,675000
1688,3,1,18,1.67,2,6,0,5.0,5,359000
1905,3,3,51,1.23,1,10,0,37.3,2,600000
3349,1,3,33,0.44,0,4,0,27.7,4,497000
2790,3,4,95,1.32,2,2,0,14.1,6,489000
4798,2,2,28,2.28,2,1,0,0.8,1,790000
4575,4,2,60,0.48,3,3,0,32.2,2,863000
3612,3,3,84,1.76,2,9,0,38.8,2,816000
1720,4,3,34,1.53,1,1,0,39.3,9,555000
2861,3,3,4,1.9,3,5,0,17.2,5,673000
4439,5,2,75,0.46,2,10,0,3.3,5,913000
3965,4,2,6,2.36,3,6,0,12.9,6,1235000
3444,2,1,40,1.59,2,9,0,12.7,10,980000
1845,3,4,1,2.13,1,1,1,4.5,3,649000
4356,3,2,88,0.69,0,5,1,21.2,9,860000
3481,2,3,9,1.87,1,1,1,24.4,3,817000
3999,4,3,43,1.97,0,2,0,29.3,4,789000
1738,4,2,69,1.05,1,2,0,2.5,9,496000
1241,5,2,90,1.02,2,5,0,11.4,10,507000
3350,4,3,34,1.68,3,10,1,14.5,8,896000
1396,6,2,61,0.32,3,4,1,35.7,6,505000
2305,5,2,73,1.87,2,6,1,36.1,8,478000
1661,5,2,72,0.2,0,5,0,10.8,1,401000
3440,3,3,19,0.56,1,2,0,19.7,4,670000
4531,2,4,100,1.69,2,9,0,17.3,10,1162000
2351,3,3,34,0.34,1,10,1,21.3,4,576000
4036,4,3,36,2.43,3,8,0,11.8,2,1056000
2536,3,2,71,2.18,3,9,0,18.8,2,778000
2249,2,3,53,1.6,1,6,0,6.2,10,754000
1064,3,4,94,2.07,2,5,1,28.5,9,432000
3459,1,2,79,2.23,1,5,0,15.1,6,688000
3521,4,1,27,0.72,2,2,1,21.9,7,845000
2262,2,4,69,2.14,0,4,0,24.4,4,439000
2245,4,3,31,0.57,1,2,0,33.5,3,471000
3098,4,2,91,1.09,2,2,0,3.7,3,542000
3725,2,4,10,1.44,2,8,1,19.6,5,734000
2432,4,2,41,1.81,2,4,1,35.8,6,812000
3174,4,2,22,0.17,2,4,0,13.5,2,724000
1312,3,3,29,0.8,2,7,0,18.1,7,469000
1015,2,2,8,1.56,2,4,0,3.9,7,324000
4131,3,3,91,0.96,3,9,0,30.2,1,913000
2972,4,2,87,1.96,3,9,0,3.9,7,644000
3953,4,1,58,1.66,2,3,0,25.4,4,706000
2506,2,2,27,0.66,2,6,0,15.3,4,650000
2906,3,3,87,0.45,2,7,0,13.9,3,542000
2367,3,1,78,1.61,1,3,1,23.6,9,710000
3008,5,4,32,1.18,1,4,1,22.9,3,654000
3131,3,3,46,0.51,3,1,0,16.5,4,548000
2953,5,2,97,0.88,3,9,0,11.5,3,776000
1928,3,2,21,0.83,2,7,1,20.6,8,650000
4310,4,3,28,0.36,2,10,0,11.1,8,1410000
4453,4,2,33,1.41,0,7,0,4.6,10,1262000
3165,4,2,41,1.93,1,9,1,32.1,8,1081000
3721,3,1,51,1.48,2,6,1,28.2,5,914000
1879,4,2,46,2.08,2,8,1,3.8,7,812000
4311,3,2,73,0.41,3,5,0,6.9,3,827000
3541,3,3,50,1.15,1,8,0,4.5,8,993000
3820,4,4,44,1.56,2,10,0,31.7,10,928000
1028,5,2,93,1.72,1,1,0,31.0,2,230000
970,4,4,74,1.77,3,3,0,16.6,8,364000
1094,3,4,33,1.85,3,4,0,32.9,6,462000
1225,4,4,20,1.66,2,9,0,39.0,2,613000
1718,4,4,12,0.33,3,8,0,38.8,6,765000
4053,5,3,53,1.77,2,8,1,39.2,10,1108000
1298,5,3,24,1.84,1,2,0,33.9,2,502000
3609,4,2,20,2.48,2,7,0,9.1,3,738000
1625,3,2,0,1.76,1,3,0,2.8,5,605000
4579,4,4,57,1.75,2,6,0,32.6,1,832000
2658,4,2,68,1.34,3,4,0,12.7,9,751000
2918,6,2,85,2.18,2,6,1,13.8,10,736000
945,3,1,70,2.49,1,4,0,3.4,3,324000
4377,2,3,12,1.97,1,3,0,28.7,1,987000
992,2,3,51,1.57,0,2,0,17.5,6,336000
4688,4,2,22,0.29,1,4,0,8.6,1,811000
851,5,2,20,1.84,0,10,0,26.3,3,383000
3210,1,3,5,1.8,2,2,1,39.2,7,673000
2620,4,1,19,1.96,2,7,1,20.2,4,775000
3764,4,3,75,0.4,2,1,1,24.5,9,642000
3321,4,2,39,1.67,0,1,0,6.9,7,742000
2669,3,4,8,0.81,1,5,1,6.9,5,659000
3368,5,2,49,1.92,1,7,0,18.6,9,847000
2667,1,3,27,0.68,1,1,1,33.9,3,579000
3538,4,3,10,1.74,1,4,0,36.4,8,788000
4069,3,2,95,0.81,1,5,1,25.8,8,951000
3999,3,2,74,0.12,2,2,0,14.7,4,768000
3379,5,2,87,1.62,3,7,1,30.1,1,684000
4805,3,4,55,0.37,2,4,0,12.0,4,806000
1040,2,2,78,1.68,2,8,0,9.2,9,605000
4240,4,3,34,2.32,1,1,0,31.9,10,1055000
2207,4,4,80,2.43,3,10,0,30.2,1,661000
4302,4,3,24,0.67,1,1,0,35.3,3,839000
4838,3,3,98,2.04,1,1,0,23.3,8,836000
882,1,3,18,0.95,1,4,0,35.9,3,353000
4568,3,4,30,2.26,1,1,0,1.5,2,968000
1750,2,4,80,1.99,2,5,0,10.5,1,350000
1410,5,4,49,0.28,3,6,0,32.3,9,670000
4405,1,3,86,1.08,2,7,0,17.2,10,1136000
4083,3,2,62,0.91,1,8,0,10.0,3,814000
2973,2,1,46,1.98,2,8,0,31.9,7,788000
4284,2,2,0,1.08,2,2,1,33.0,10,1115000
2322,4,4,57,1.74,3,4,1,18.5,3,1046000
3401,4,4,9,1.55,2,7,1,18.9,8,1085000
3457,1,2,7,2.44,2,9,0,31.3,9,993000
2959,1,2,25,2.35,2,9,1,31.0,8,982000
3249,2,2,33,1.13,2,3,0,34.7,5,781000
4630,4,2,18,1.84,1,7,0,26.0,10,1172000
921,4,3,77,2.09,1,4,1,7.8,2,326000
2117,1,2,71,2.26,2,9,1,22.2,6,687000
3318,3,2,0,0.26,3,7,1,15.6,8,986000
2030,4,2,47,0.82,2,6,0,1.6,2,464000
1933,5,2,24,0.87,3,9,0,8.3,6,814000
2101,5,4,23,1.14,1,7,0,8.6,7,613000
4834,3,2,46,0.51,2,8,0,3.8,9,1316000
2710,2,4,83,1.29,1,5,1,18.4,9,615000
2305,3,2,93,1.69,3,4,0,20.6,2,600000
3985,4,2,68,1.29,1,1,0,13.9,1,639000
2716,6,3,66,1.7,2,8,0,16.8,7,958000
4348,3,3,31,0.26,1,6,0,22.2,6,1122000
3557,3,3,16,2.2,2,4,1,5.3,10,1074000
2756,3,2,60,2.35,3,3,0,22.7,10,651000
978,3,1,68,1.58,1,5,0,28.5,10,399000
1696,3,3,10,2.22,3,4,0,35.1,4,522000
2351,4,1,37,0.42,3,7,0,12.4,9,597000
1291,1,2,67,2.01,0,6,1,30.0,1,340000
860,3,3,18,0.39,2,3,0,24.4,7,397000
1877,4,1,86,1.08,1,10,0,20.4,5,497000
3695,1,1,16,0.88,1,1,0,36.8,5,637000
4960,2,1,12,1.51,2,7,1,25.0,6,1018000
4483,3,4,90,0.82,2,5,0,15.0,2,879000
1385,5,2,0,1.63,1,1,1,28.7,3,463000
4760,4,4,1,0.98,0,1,0,38.4,9,745000
4570,1,2,81,2.17,3,6,1,36.8,4,930000
1334,4,3,99,1.62,2,4,0,39.2,6,336000
4262,3,2,96,0.62,1,8,0,4.3,3,739000
4811,4,2,99,0.91,2,2,0,18.0,3,720000
4198,4,3,65,2.13,0,4,0,17.6,9,924000
2955,5,3,67,1.03,1,8,0,15.7,9,851000
1804,3,3,15,1.39,2,8,0,7.6,3,682000
3299,6,3,3,1.66,2,5,0,33.4,3,947000
1126,6,2,56,0.93,1,3,0,27.1,6,384000
3506,5,2,72,0.81,2,4,0,24.4,1,712000
